V1,V2
TUBA4A,TUBB4B
TUBA4A,ENSG00000137379
TUBA4A,ENSG00000183311
TUBA4A,DLAT
TUBA4A,MRPL23
TUBA4A,FA2H
TUBA4A,ENSG00000173867
TUBA4A,BIN3
TUBA4A,HSPA8
TUBA4A,AP1S2
TUBA4A,EXOC6
TUBA4A,ENSG00000212677
TUBA4A,ATP2C1
TUBA4A,HAS1
TUBA4A,HAS3
TUBA4A,EEF1A1
TUBA4A,CAPZA2
TUBA4A,MSMO1
TUBA4A,HMGCR
TUBA4A,TUBB4A
TUBA4A,SLMO2
TUBA4A,ATP6V1B2
TUBA4A,MYO5B
TUBA4A,GMPPB
TUBA4A,RPL4
TUBA4A,ENSG00000185637
TUBA4A,CAD
TUBA4A,BCCIP
TUBA4A,CNDP2
TUBA4A,CS
TUBA4A,GART
TUBA4A,ELOVL4
TUBA4A,GDPD1
TUBA4A,KDELR1
TUBA4A,MRPL3
TUBA4A,MECR
TUBA4A,ORMDL3
TUBA4A,R3HDM1
TUBA4A,RASA4B
TUBA4A,SGPL1
TUBA4A,SLC13A1
TUBA4A,SRP68
TUBA4A,SRP72
TUBA4A,SLC30A1
TUBA4A,SLC35E2B
TUBA4A,TIMM23
TUBA4A,TIMM50
TUBA4A,TECR
TUBA4A,ATP6V0D1
TUBA4A,CORO6
TUBA4A,DEPDC5
TUBA4A,SV2B
TUBA4A,CAP2
TUBA4A,CDK11A
TUBA4A,RAB8B
TUBA4A,EXOC2
TUBA4A,VCP
TUBA4A,MAP1A
TUBA4A,CAP1
TUBA4A,ESX1
TUBA4A,MSI1
TUBA4A,TOMM40
TUBA4A,ACTR3B
TUBA4A,AP1G1
TUBA4A,CKS2
TUBA4A,CLTC
TUBA4A,COG3
TUBA4A,DIAPH1
TUBA4A,EPS15
TUBA4A,MYO1E
TUBA4A,SLC35E1
TUBA4A,NAF1
TUBA4A,TUBB
TUBA4A,ANAPC10
TUBA4A,RAP1B
TUBA4A,RGL3
TUBA4A,TMED2
TUBA4A,ENSG00000176276
TUBA4A,EXOC8
TUBA4A,EXOC3
TUBA4A,SLC25A28
TUBA4A,LHX9
TUBA4A,ATP13A1
TUBA4A,EXOC5
TUBA4A,LPIN1
TUBA4A,CNOT8
TUBA4A,NDUFAB1
TUBA4A,PINK1-AS
TUBA4A,SRPRB
TUBA4A,ENSG00000198641
TUBA4A,ATG3
TUBA4A,ATG4B
TUBA4A,PIGT
TUBA4A,CNOT2
TUBA4A,TRAPPC2
TUBA4A,MCUR1
TUBA4A,SURF4
TUBA4A,MDP1
TUBA4A,USP30
TUBA4A,RHOT1
TUBA4A,UCKL1
TUBA4A,ATP6V0A1
TUBA4A,ALG12
TUBA4A,PRKAG2
TUBA4A,RASA4
TUBA4A,TMED10
TUBA4A,TMEM87B
TUBA4A,ENSG00000213764
TUBA4A,NPLOC4
TUBA4A,TUBB2B
TUBA4A,SLC25A34
TUBA4A,ATP5H
TUBA4A,CDC16
TUBA4A,CNOT6
TUBA4A,AFG3L2
TUBA4A,VTI1A
TUBA4A,YKT6
TUBA4A,STX12
TUBA4A,COG4
TUBA4A,RABEPK
TUBA4A,CDC27
TUBA4A,SNX30
TUBA4A,TRAPPC5
TUBA4A,GPI
TUBA4A,SYT6
TUBA4A,VPS33A
TUBA4A,FAXDC2
TUBA4A,TRAPPC3
TUBA4A,TRAPPC1
TUBA4A,STT3B
TUBA4A,HCCS
TUBA4A,SNX8
TUBA4A,ABHD4
TUBA4A,PIGG
TUBA4A,RQCD1
TUBA4A,ATP6V1F
TUBA4A,COG6
TUBA4A,PIGS
TUBA4A,SCD
TUBA4A,SQLE
TUBA4A,CHCHD4
TUBA4A,SFXN5
TUBA4A,SRPR
TUBA4A,SLC47A1
TUBA4A,TRAPPC4
TUBA4A,ATAD1
TUBA4A,TUBG2
TUBA4A,TRAPPC6B
TUBA4A,SLC13A4
TUBA4A,SLC25A29
TUBA4A,SLC35F5
TUBA4A,CTSD
TUBA4A,TOMM70A
TUBA4A,TRAPPC10
TUBA4A,DHDH
TUBA4A,ASCL2
TUBA4A,ABCG8
TUBA4A,CRLS1
TUBA4A,DHDDS
TUBB4B,ENSG00000137379
TUBB4B,ENSG00000183311
TUBB4B,DLAT
TUBB4B,MRPL23
TUBB4B,FA2H
TUBB4B,ENSG00000173867
TUBB4B,BIN3
TUBB4B,HSPA8
TUBB4B,RAB6A
TUBB4B,AP1S2
TUBB4B,CAMK1D
TUBB4B,EXOC6
TUBB4B,ENSG00000212677
TUBB4B,ATP2C1
TUBB4B,AP3B1
TUBB4B,EEF1A1
TUBB4B,MSMO1
TUBB4B,HMGCR
TUBB4B,SLMO2
TUBB4B,ATP6V1B2
TUBB4B,GMPPB
TUBB4B,RPL4
TUBB4B,ENSG00000185637
TUBB4B,CAD
TUBB4B,BCCIP
TUBB4B,CNDP2
TUBB4B,CS
TUBB4B,GART
TUBB4B,ELOVL4
TUBB4B,GDPD1
TUBB4B,KDELR1
TUBB4B,MRPL3
TUBB4B,MECR
TUBB4B,ORMDL3
TUBB4B,R3HDM1
TUBB4B,RASA4B
TUBB4B,SGPL1
TUBB4B,SLC13A1
TUBB4B,SRP68
TUBB4B,SRP72
TUBB4B,SLC30A1
TUBB4B,SLC35E2B
TUBB4B,TIMM23
TUBB4B,TIMM50
TUBB4B,TECR
TUBB4B,VAC14
TUBB4B,VPS4B
TUBB4B,ARMC3
TUBB4B,ATP6V0D1
TUBB4B,CORO6
TUBB4B,DEPDC5
TUBB4B,NSDHL
TUBB4B,SV2B
TUBB4B,CDK11A
TUBB4B,IBA57
TUBB4B,RAB8B
TUBB4B,EXOC2
TUBB4B,VCP
TUBB4B,CCT7
TUBB4B,ENSG00000100931
TUBB4B,ESX1
TUBB4B,MSI1
TUBB4B,TOMM40
TUBB4B,ACTR3B
TUBB4B,KIF11
TUBB4B,AP1G1
TUBB4B,CHMP6
TUBB4B,RRN3
TUBB4B,CKS2
TUBB4B,CLTC
TUBB4B,COG3
TUBB4B,DIAPH1
TUBB4B,EPS15
TUBB4B,MYO1E
TUBB4B,RABAC1
TUBB4B,SLC35E1
TUBB4B,USP7
TUBB4B,NAF1
TUBB4B,TUBB
TUBB4B,ANAPC10
TUBB4B,RGL3
TUBB4B,TMED2
TUBB4B,PRKAA2
TUBB4B,EXOC8
TUBB4B,EXOC3
TUBB4B,SLC25A28
TUBB4B,CYP51A1
TUBB4B,LIG1
TUBB4B,ATP13A1
TUBB4B,ENSG00000186979
TUBB4B,EXOC5
TUBB4B,LPIN1
TUBB4B,CNOT8
TUBB4B,RAB6B
TUBB4B,ATG4B
TUBB4B,ARHGAP21
TUBB4B,CTU2
TUBB4B,CNOT2
TUBB4B,METTL2B
TUBB4B,MCUR1
TUBB4B,SURF4
TUBB4B,MDP1
TUBB4B,USP30
TUBB4B,CBWD5
TUBB4B,UCKL1
TUBB4B,METTL2A
TUBB4B,ENSG00000136112
TUBB4B,ATP6V0A1
TUBB4B,ALG12
TUBB4B,MON2
TUBB4B,RASA4
TUBB4B,TMED10
TUBB4B,TMEM87B
TUBB4B,NPLOC4
TUBB4B,C7orf25
TUBB4B,SLC25A34
TUBB4B,ATP5H
TUBB4B,CDC16
TUBB4B,CNOT6
TUBB4B,AFG3L2
TUBB4B,DCP1A
TUBB4B,YKT6
TUBB4B,COG4
TUBB4B,RABEPK
TUBB4B,CDC27
TUBB4B,SNX30
TUBB4B,FPGS
TUBB4B,PQLC1
TUBB4B,GPI
TUBB4B,SYT6
TUBB4B,VPS33A
TUBB4B,NPRL2
TUBB4B,FAXDC2
TUBB4B,CBWD1
TUBB4B,CBWD2
TUBB4B,CBWD6
TUBB4B,SNX8
TUBB4B,PDCL2
TUBB4B,ABHD4
TUBB4B,PIGG
TUBB4B,RQCD1
TUBB4B,COG6
TUBB4B,PIGS
TUBB4B,SCD
TUBB4B,SQLE
TUBB4B,CHCHD4
TUBB4B,SFXN5
TUBB4B,ENSG00000179801
TUBB4B,WIPF1
TUBB4B,TUBG2
TUBB4B,RWDD1
TUBB4B,SLC13A4
TUBB4B,SLC25A29
TUBB4B,SLC35F5
TUBB4B,CTSD
TUBB4B,TANC1
TUBB4B,TCP11L2
TUBB4B,DHDH
TUBB4B,DRG2
TUBB4B,CBWD3
TUBB4B,ABCG8
TUBB4B,CRLS1
TUBB4B,DHDDS
ENSG00000137379,ENSG00000183311
ENSG00000137379,DLAT
ENSG00000137379,MRPL23
ENSG00000137379,FA2H
ENSG00000137379,ENSG00000173867
ENSG00000137379,BIN3
ENSG00000137379,HSPA8
ENSG00000137379,RAB6A
ENSG00000137379,AP1S2
ENSG00000137379,CAMK1D
ENSG00000137379,EXOC6
ENSG00000137379,ENSG00000212677
ENSG00000137379,ATP2C1
ENSG00000137379,AP3B1
ENSG00000137379,EEF1A1
ENSG00000137379,MSMO1
ENSG00000137379,HMGCR
ENSG00000137379,TUBB4A
ENSG00000137379,SLMO2
ENSG00000137379,ATP6V1B2
ENSG00000137379,GMPPB
ENSG00000137379,RPL4
ENSG00000137379,ENSG00000185637
ENSG00000137379,CAD
ENSG00000137379,BCCIP
ENSG00000137379,CNDP2
ENSG00000137379,CS
ENSG00000137379,GART
ENSG00000137379,ELOVL4
ENSG00000137379,GDPD1
ENSG00000137379,KDELR1
ENSG00000137379,MRPL3
ENSG00000137379,MECR
ENSG00000137379,ORMDL3
ENSG00000137379,R3HDM1
ENSG00000137379,RASA4B
ENSG00000137379,SGPL1
ENSG00000137379,SLC13A1
ENSG00000137379,SRP68
ENSG00000137379,SRP72
ENSG00000137379,SLC30A1
ENSG00000137379,SLC35E2B
ENSG00000137379,TIMM23
ENSG00000137379,TIMM50
ENSG00000137379,TECR
ENSG00000137379,VAC14
ENSG00000137379,VPS4B
ENSG00000137379,ARMC3
ENSG00000137379,ATP6V0D1
ENSG00000137379,CORO6
ENSG00000137379,DEPDC5
ENSG00000137379,NSDHL
ENSG00000137379,SV2B
ENSG00000137379,CDK11A
ENSG00000137379,IBA57
ENSG00000137379,RAB8B
ENSG00000137379,EXOC2
ENSG00000137379,VCP
ENSG00000137379,CCT7
ENSG00000137379,MAP1A
ENSG00000137379,ENSG00000100931
ENSG00000137379,ESX1
ENSG00000137379,MSI1
ENSG00000137379,TOMM40
ENSG00000137379,ACTR3B
ENSG00000137379,KIF11
ENSG00000137379,AP1G1
ENSG00000137379,RRN3
ENSG00000137379,CKS2
ENSG00000137379,CLTC
ENSG00000137379,COG3
ENSG00000137379,DIAPH1
ENSG00000137379,EPS15
ENSG00000137379,MYO1E
ENSG00000137379,SLC35E1
ENSG00000137379,USP7
ENSG00000137379,NAF1
ENSG00000137379,TUBB
ENSG00000137379,ANAPC10
ENSG00000137379,RGL3
ENSG00000137379,TMED2
ENSG00000137379,PRKAA2
ENSG00000137379,EXOC8
ENSG00000137379,EXOC3
ENSG00000137379,SLC25A28
ENSG00000137379,CYP51A1
ENSG00000137379,LIG1
ENSG00000137379,ATP13A1
ENSG00000137379,ENSG00000186979
ENSG00000137379,EXOC5
ENSG00000137379,LPIN1
ENSG00000137379,CNOT8
ENSG00000137379,RAB6B
ENSG00000137379,ATG4B
ENSG00000137379,ARHGAP21
ENSG00000137379,PIGT
ENSG00000137379,CTU2
ENSG00000137379,CNOT2
ENSG00000137379,METTL2B
ENSG00000137379,MCUR1
ENSG00000137379,SURF4
ENSG00000137379,MDP1
ENSG00000137379,USP30
ENSG00000137379,CBWD5
ENSG00000137379,UCKL1
ENSG00000137379,METTL2A
ENSG00000137379,ENSG00000136112
ENSG00000137379,ATP6V0A1
ENSG00000137379,ALG12
ENSG00000137379,MON2
ENSG00000137379,RASA4
ENSG00000137379,TMED10
ENSG00000137379,TMEM87B
ENSG00000137379,NPLOC4
ENSG00000137379,SLC25A34
ENSG00000137379,ATP5H
ENSG00000137379,CDC16
ENSG00000137379,CNOT6
ENSG00000137379,AFG3L2
ENSG00000137379,DCP1A
ENSG00000137379,YKT6
ENSG00000137379,COG4
ENSG00000137379,RABEPK
ENSG00000137379,CDC27
ENSG00000137379,SNX30
ENSG00000137379,FPGS
ENSG00000137379,PQLC1
ENSG00000137379,GPI
ENSG00000137379,SYT6
ENSG00000137379,VPS33A
ENSG00000137379,NPRL2
ENSG00000137379,FAXDC2
ENSG00000137379,CBWD1
ENSG00000137379,CBWD2
ENSG00000137379,CBWD6
ENSG00000137379,SNX8
ENSG00000137379,PDCL2
ENSG00000137379,ABHD4
ENSG00000137379,PIGG
ENSG00000137379,RQCD1
ENSG00000137379,COG6
ENSG00000137379,PIGS
ENSG00000137379,SCD
ENSG00000137379,SQLE
ENSG00000137379,NCALD
ENSG00000137379,CHCHD4
ENSG00000137379,SFXN5
ENSG00000137379,ENSG00000179801
ENSG00000137379,WIPF1
ENSG00000137379,TUBG2
ENSG00000137379,RWDD1
ENSG00000137379,SLC13A4
ENSG00000137379,SLC25A29
ENSG00000137379,SLC35F5
ENSG00000137379,CTSD
ENSG00000137379,DHDH
ENSG00000137379,TUBA1C
ENSG00000137379,ASCL2
ENSG00000137379,ARL8B
ENSG00000137379,DRG2
ENSG00000137379,CBWD3
ENSG00000137379,ABCG8
ENSG00000137379,CRLS1
ENSG00000137379,DHDDS
ENSG00000183311,DLAT
ENSG00000183311,MRPL23
ENSG00000183311,FA2H
ENSG00000183311,ENSG00000173867
ENSG00000183311,BIN3
ENSG00000183311,HSPA8
ENSG00000183311,RAB6A
ENSG00000183311,AP1S2
ENSG00000183311,CAMK1D
ENSG00000183311,EXOC6
ENSG00000183311,ENSG00000212677
ENSG00000183311,ATP2C1
ENSG00000183311,AP3B1
ENSG00000183311,EEF1A1
ENSG00000183311,MSMO1
ENSG00000183311,HMGCR
ENSG00000183311,TUBB4A
ENSG00000183311,SLMO2
ENSG00000183311,ATP6V1B2
ENSG00000183311,GMPPB
ENSG00000183311,RPL4
ENSG00000183311,ENSG00000185637
ENSG00000183311,CAD
ENSG00000183311,BCCIP
ENSG00000183311,CNDP2
ENSG00000183311,CS
ENSG00000183311,GART
ENSG00000183311,ELOVL4
ENSG00000183311,GDPD1
ENSG00000183311,KDELR1
ENSG00000183311,MRPL3
ENSG00000183311,MECR
ENSG00000183311,ORMDL3
ENSG00000183311,R3HDM1
ENSG00000183311,RASA4B
ENSG00000183311,SGPL1
ENSG00000183311,SLC13A1
ENSG00000183311,SRP68
ENSG00000183311,SRP72
ENSG00000183311,SLC30A1
ENSG00000183311,SLC35E2B
ENSG00000183311,TIMM23
ENSG00000183311,TIMM50
ENSG00000183311,TECR
ENSG00000183311,VAC14
ENSG00000183311,VPS4B
ENSG00000183311,ARMC3
ENSG00000183311,ATP6V0D1
ENSG00000183311,CORO6
ENSG00000183311,DEPDC5
ENSG00000183311,NSDHL
ENSG00000183311,SV2B
ENSG00000183311,CDK11A
ENSG00000183311,IBA57
ENSG00000183311,RAB8B
ENSG00000183311,EXOC2
ENSG00000183311,VCP
ENSG00000183311,CCT7
ENSG00000183311,MAP1A
ENSG00000183311,ENSG00000100931
ENSG00000183311,ESX1
ENSG00000183311,MSI1
ENSG00000183311,TOMM40
ENSG00000183311,ACTR3B
ENSG00000183311,KIF11
ENSG00000183311,AP1G1
ENSG00000183311,RRN3
ENSG00000183311,CKS2
ENSG00000183311,CLTC
ENSG00000183311,COG3
ENSG00000183311,DIAPH1
ENSG00000183311,EPS15
ENSG00000183311,MYO1E
ENSG00000183311,SLC35E1
ENSG00000183311,USP7
ENSG00000183311,NAF1
ENSG00000183311,TUBB
ENSG00000183311,ANAPC10
ENSG00000183311,RGL3
ENSG00000183311,TMED2
ENSG00000183311,PRKAA2
ENSG00000183311,EXOC8
ENSG00000183311,EXOC3
ENSG00000183311,SLC25A28
ENSG00000183311,CYP51A1
ENSG00000183311,LIG1
ENSG00000183311,ATP13A1
ENSG00000183311,ENSG00000186979
ENSG00000183311,EXOC5
ENSG00000183311,LPIN1
ENSG00000183311,CNOT8
ENSG00000183311,RAB6B
ENSG00000183311,ATG4B
ENSG00000183311,ARHGAP21
ENSG00000183311,PIGT
ENSG00000183311,CTU2
ENSG00000183311,CNOT2
ENSG00000183311,METTL2B
ENSG00000183311,MCUR1
ENSG00000183311,SURF4
ENSG00000183311,MDP1
ENSG00000183311,USP30
ENSG00000183311,CBWD5
ENSG00000183311,UCKL1
ENSG00000183311,METTL2A
ENSG00000183311,ENSG00000136112
ENSG00000183311,ATP6V0A1
ENSG00000183311,ALG12
ENSG00000183311,MON2
ENSG00000183311,RASA4
ENSG00000183311,TMED10
ENSG00000183311,TMEM87B
ENSG00000183311,NPLOC4
ENSG00000183311,SLC25A34
ENSG00000183311,ATP5H
ENSG00000183311,CDC16
ENSG00000183311,CNOT6
ENSG00000183311,AFG3L2
ENSG00000183311,DCP1A
ENSG00000183311,YKT6
ENSG00000183311,COG4
ENSG00000183311,RABEPK
ENSG00000183311,CDC27
ENSG00000183311,SNX30
ENSG00000183311,FPGS
ENSG00000183311,PQLC1
ENSG00000183311,GPI
ENSG00000183311,SYT6
ENSG00000183311,VPS33A
ENSG00000183311,NPRL2
ENSG00000183311,FAXDC2
ENSG00000183311,CBWD1
ENSG00000183311,CBWD2
ENSG00000183311,CBWD6
ENSG00000183311,SNX8
ENSG00000183311,PDCL2
ENSG00000183311,ABHD4
ENSG00000183311,PIGG
ENSG00000183311,RQCD1
ENSG00000183311,COG6
ENSG00000183311,PIGS
ENSG00000183311,SCD
ENSG00000183311,SQLE
ENSG00000183311,NCALD
ENSG00000183311,CHCHD4
ENSG00000183311,SFXN5
ENSG00000183311,ENSG00000179801
ENSG00000183311,WIPF1
ENSG00000183311,TUBG2
ENSG00000183311,RWDD1
ENSG00000183311,SLC13A4
ENSG00000183311,SLC25A29
ENSG00000183311,SLC35F5
ENSG00000183311,CTSD
ENSG00000183311,DHDH
ENSG00000183311,TUBA1C
ENSG00000183311,ASCL2
ENSG00000183311,ARL8B
ENSG00000183311,DRG2
ENSG00000183311,CBWD3
ENSG00000183311,ABCG8
ENSG00000183311,CRLS1
ENSG00000183311,DHDDS
DLAT,HSPA8
DLAT,EEF1A1
DLAT,TUBB4A
DLAT,ATP6V1B2
DLAT,GMPPB
DLAT,RPL4
DLAT,ENSG00000185637
DLAT,CAD
DLAT,CS
DLAT,GART
DLAT,GSPT1
DLAT,MECR
DLAT,OTC
DLAT,VPS4B
DLAT,VPS35
DLAT,SNX1
DLAT,SPCS3
DLAT,TUBB
DLAT,RGL3
DLAT,ATP13A1
DLAT,EXOC5
DLAT,CNOT2
DLAT,TUBB2B
DLAT,NAA35
DLAT,GFM2
DLAT,VPS29
DLAT,SNX30
DLAT,GLTSCR2
DLAT,PDK4
DLAT,PITRM1
DLAT,SLC47A1
DLAT,FZR1
DLAT,SLC35F5
DLAT,TRAPPC10
MRPL23,ENSG00000173867
MRPL23,HSPA8
MRPL23,STXBP2
MRPL23,EEF1A1
MRPL23,TUBB4A
MRPL23,RPL4
MRPL23,ENSG00000185637
MRPL23,CAD
MRPL23,MRPL3
MRPL23,DEPDC5
MRPL23,EPS15
MRPL23,TUBB
MRPL23,MRM1
MRPL23,MRPL11
MRPL23,MRPL34
MRPL23,TUBB2B
FA2H,HSPA8
FA2H,EEF1A1
FA2H,HMGCR
FA2H,TUBB4A
FA2H,ATP6V1B2
FA2H,GMPPB
FA2H,ENSG00000185637
FA2H,CAD
FA2H,CERS2
FA2H,ORMDL3
FA2H,ARMC3
FA2H,NUS1
FA2H,VCP
FA2H,NPEPL1
FA2H,STX16
FA2H,ALG10
FA2H,TUBB
FA2H,TMED2
FA2H,TBC1D22A
FA2H,CYP51A1
FA2H,ATP13A1
FA2H,CYP3A43
FA2H,CYP3A5
FA2H,CYP4F2
FA2H,SEC63
FA2H,MAGT1
FA2H,ENTPD6
FA2H,ALG10B
FA2H,POMT2
FA2H,PCSK7
FA2H,RER1
FA2H,TRAPPC2
FA2H,ALG12
FA2H,SEC62
FA2H,MON2
FA2H,SEL1L
FA2H,SLC35D3
FA2H,ENSG00000213764
FA2H,TUBB2B
FA2H,YIPF2
FA2H,YIPF1
FA2H,PQLC1
FA2H,SFT2D3
FA2H,FAXDC2
FA2H,CNIH4
FA2H,CTDNEP1
FA2H,EMC4
FA2H,PGAP3
FA2H,COG6
FA2H,SGPP2
FA2H,SGPP1
FA2H,ENTPD7
FA2H,SEC22A
FA2H,TRAPPC6B
FA2H,SPHK2
FA2H,UBE2G2
ENSG00000173867,HSPA8
ENSG00000173867,STXBP2
ENSG00000173867,EEF1A1
ENSG00000173867,TUBB4A
ENSG00000173867,ATP6V1B2
ENSG00000173867,RPL4
ENSG00000173867,ENSG00000185637
ENSG00000173867,CAD
ENSG00000173867,MRPL3
ENSG00000173867,DEPDC5
ENSG00000173867,EPS15
ENSG00000173867,TUBB
ENSG00000173867,FAM96B
ENSG00000173867,MRM1
ENSG00000173867,MRPL11
ENSG00000173867,MRPL34
ENSG00000173867,MRPL40
ENSG00000173867,TUBB2B
BIN3,HSPA8
BIN3,RAB6A
BIN3,STXBP2
BIN3,HAS1
BIN3,HAS3
BIN3,EEF1A1
BIN3,CAPZA2
BIN3,TUBB4A
BIN3,ATP6V1B2
BIN3,GMPPB
BIN3,ENSG00000185637
BIN3,CAD
BIN3,ELOVL4
BIN3,R3HDM1
BIN3,CORO6
BIN3,SV2B
BIN3,GRAP
BIN3,RAB5A
BIN3,ESX1
BIN3,EVI5
BIN3,CHMP6
BIN3,MYO1E
BIN3,NAF1
BIN3,TUBB
BIN3,MAPK7
BIN3,ATP13A1
BIN3,DBNL
BIN3,ARHGAP40
BIN3,CNOT8
BIN3,RAB6B
BIN3,MON2
BIN3,TUBB2B
BIN3,ATP5H
BIN3,SPATA13
BIN3,CNOT6
BIN3,WASL
BIN3,GFM2
BIN3,TIMM44
BIN3,FAXDC2
BIN3,ELOVL5
BIN3,RQCD1
BIN3,HINT1
BIN3,POR
BIN3,WIPF1
BIN3,SEC22A
BIN3,ABCG8
HSPA8,RAB6A
HSPA8,AP1S2
HSPA8,CAMK1D
HSPA8,EXOC6
HSPA8,STXBP2
HSPA8,ENSG00000212677
HSPA8,ATP2C1
HSPA8,AP3B1
HSPA8,HAS1
HSPA8,HAS3
HSPA8,EEF1A1
HSPA8,CAPZA2
HSPA8,MSMO1
HSPA8,SIL1
HSPA8,HMGCR
HSPA8,TUBB4A
HSPA8,SLMO2
HSPA8,ATP6V1B2
HSPA8,MYO5B
HSPA8,GMPPB
HSPA8,RPL4
HSPA8,ENSG00000185637
HSPA8,IPO11
HSPA8,CAD
HSPA8,BCCIP
HSPA8,ALG14
HSPA8,CERS2
HSPA8,CNDP2
HSPA8,CS
HSPA8,GART
HSPA8,GDPD1
HSPA8,GSPT1
HSPA8,KDELR1
HSPA8,MRPL3
HSPA8,RASA4B
HSPA8,SGPL1
HSPA8,SORCS2
HSPA8,SORT1
HSPA8,SRP68
HSPA8,SRP72
HSPA8,TECR
HSPA8,VAC14
HSPA8,VPS4B
HSPA8,ARMC3
HSPA8,ASNA1
HSPA8,ARFGAP2
HSPA8,ATP6V0D1
HSPA8,CORO6
HSPA8,DEPDC5
HSPA8,NSDHL
HSPA8,CAP2
HSPA8,CDK11A
HSPA8,ARF1
HSPA8,ITPA
HSPA8,ITSN1
HSPA8,EPN3
HSPA8,GRAP
HSPA8,EXOC2
HSPA8,RAB5A
HSPA8,GDI2
HSPA8,GDI1
HSPA8,VCP
HSPA8,CCT7
HSPA8,NPEPL1
HSPA8,STX16
HSPA8,PIGK
HSPA8,KDM6A
HSPA8,ENSG00000100931
HSPA8,KDSR
HSPA8,ARHGAP12
HSPA8,CAP1
HSPA8,ESX1
HSPA8,MSI1
HSPA8,TOMM40
HSPA8,VPS45
HSPA8,ENSG00000206214
HSPA8,ENSG00000112478
HSPA8,ACTR3B
HSPA8,AP1G1
HSPA8,DNPEP
HSPA8,RRN3
HSPA8,CKS2
HSPA8,CLTC
HSPA8,COG3
HSPA8,DIAPH1
HSPA8,EPS15
HSPA8,MYO1E
HSPA8,USP7
HSPA8,NAF1
HSPA8,TUBB
HSPA8,ANAPC10
HSPA8,RAP1B
HSPA8,RGL3
HSPA8,STK38L
HSPA8,TMED2
HSPA8,ENSG00000176276
HSPA8,PRKAA2
HSPA8,EXOC8
HSPA8,MOB1A
HSPA8,EXOC3
HSPA8,LACE1
HSPA8,AP3D1
HSPA8,SLC25A28
HSPA8,TBC1D22A
HSPA8,TRIP10
HSPA8,LHX9
HSPA8,LIG1
HSPA8,ATP13A1
HSPA8,ENSG00000186979
HSPA8,EXOC5
HSPA8,LPIN1
HSPA8,ATP9B
HSPA8,CNOT3
HSPA8,MRM1
HSPA8,CNOT8
HSPA8,RAB6B
HSPA8,LSS
HSPA8,VPS11
HSPA8,LYRM4
HSPA8,PINK1-AS
HSPA8,SEC63
HSPA8,MAGT1
HSPA8,AP3S1
HSPA8,ENTPD6
HSPA8,ENSG00000198641
HSPA8,PCSK7
HSPA8,HSD17B12
HSPA8,ATG3
HSPA8,ZDHHC17
HSPA8,ARHGAP21
HSPA8,CTU2
HSPA8,CNOT2
HSPA8,METTL2B
HSPA8,TRAPPC2
HSPA8,MCUR1
HSPA8,SURF4
HSPA8,HIP1R
HSPA8,NAPA
HSPA8,USP30
HSPA8,CBWD5
HSPA8,TOMM22
HSPA8,RHOT1
HSPA8,UCKL1
HSPA8,METTL2A
HSPA8,ENSG00000136112
HSPA8,SRPK2
HSPA8,GPAA1
HSPA8,ATP6V0A1
HSPA8,ALG12
HSPA8,PRKAG2
HSPA8,VAPA
HSPA8,VPS18
HSPA8,NARFL
HSPA8,MOB1B
HSPA8,SEC62
HSPA8,MON2
HSPA8,RASA4
HSPA8,TMED10
HSPA8,TMEM87B
HSPA8,ENSG00000213764
HSPA8,PDSS1
HSPA8,NPLOC4
HSPA8,MRPL11
HSPA8,MRPL34
HSPA8,TUBB2B
HSPA8,SLC25A34
HSPA8,SLC36A1
HSPA8,ATP5H
HSPA8,SCO1
HSPA8,MTO1
HSPA8,RRAGB
HSPA8,SPATA13
HSPA8,CDC16
HSPA8,CNOT6
HSPA8,AFG3L2
HSPA8,WASL
HSPA8,DCP1A
HSPA8,ARFGAP1
HSPA8,OSBP
HSPA8,TIMM44
HSPA8,VTI1A
HSPA8,YKT6
HSPA8,STX12
HSPA8,NCAPD2
HSPA8,COG4
HSPA8,UFD1L
HSPA8,RABEPK
HSPA8,NDOR1
HSPA8,NUBP1
HSPA8,CDC27
HSPA8,SNX30
HSPA8,ENSG00000206286
HSPA8,PQLC1
HSPA8,STX10
HSPA8,TRAPPC5
HSPA8,GPI
HSPA8,SYT6
HSPA8,VPS16
HSPA8,VPS33A
HSPA8,ANKZF1
HSPA8,TRAPPC3
HSPA8,TRAPPC1
HSPA8,CTDNEP1
HSPA8,STT3B
HSPA8,AIFM2
HSPA8,CBWD1
HSPA8,CBWD2
HSPA8,CBWD6
HSPA8,OSBPL5
HSPA8,ENTHD1
HSPA8,HCCS
HSPA8,SNX8
HSPA8,VPS53
HSPA8,PDCL2
HSPA8,DNAJC5
HSPA8,ABHD4
HSPA8,RQCD1
HSPA8,TREH
HSPA8,PICALM
HSPA8,COG6
HSPA8,PIGS
HSPA8,SCD
HSPA8,PIGU
HSPA8,BECN1
HSPA8,HINT1
HSPA8,WDR45
HSPA8,BCAT1
HSPA8,YME1L1
HSPA8,SQLE
HSPA8,TTC39B
HSPA8,DTD1
HSPA8,POR
HSPA8,CHCHD4
HSPA8,RABGEF1
HSPA8,ELAC2
HSPA8,BLMH
HSPA8,SRPR
HSPA8,ENSG00000179801
HSPA8,COX15
HSPA8,TRAPPC4
HSPA8,ATAD1
HSPA8,TSR3
HSPA8,TUBG2
HSPA8,RWDD1
HSPA8,SEC22A
HSPA8,TRAPPC6B
HSPA8,SLC25A29
HSPA8,SLC3A1
HSPA8,CTSD
HSPA8,TBC1D8
HSPA8,TCP11L2
HSPA8,TOMM70A
HSPA8,TRAPPC10
HSPA8,DHDH
HSPA8,TTC39A
HSPA8,DRG2
HSPA8,CBWD3
HSPA8,UBXN7
HSPA8,FIG4
HSPA8,VPS41
HSPA8,BBS1
HSPA8,DPH6
HSPA8,ADCK2
HSPA8,DBR1
HSPA8,CRLS1
HSPA8,DHDDS
HSPA8,ENSG00000176876
HSPA8,GGPS1
HSPA8,GOLPH3L
RAB6A,AP3B1
RAB6A,TUBB4A
RAB6A,ASNA1
RAB6A,ARFGAP2
RAB6A,VPS35
RAB6A,RAB8B
RAB6A,RAB5A
RAB6A,YIPF5
RAB6A,GDI2
RAB6A,GDI1
RAB6A,NPEPL1
RAB6A,STX16
RAB6A,SNX1
RAB6A,ENSG00000206214
RAB6A,ENSG00000112478
RAB6A,KIF20A
RAB6A,CKS2
RAB6A,DIAPH1
RAB6A,RABAC1
RAB6A,TUBB
RAB6A,RCE1
RAB6A,MAPK7
RAB6A,PRKAA2
RAB6A,AP3D1
RAB6A,TBC1D22A
RAB6A,REEP5
RAB6A,ATP13A1
RAB6A,STX5
RAB6A,GRTP1
RAB6A,RAB6B
RAB6A,SC5D
RAB6A,CYP3A43
RAB6A,CYP3A5
RAB6A,CYP4F2
RAB6A,ENSG00000198641
RAB6A,TM9SF4
RAB6A,RER1
RAB6A,RAB7A
RAB6A,RAB1A
RAB6A,SRPK2
RAB6A,PRKAG2
RAB6A,VAPA
RAB6A,MON1A
RAB6A,MON2
RAB6A,GOSR1
RAB6A,TUBB2B
RAB6A,SACM1L
RAB6A,RRAGB
RAB6A,TMEM30A
RAB6A,NAA30
RAB6A,NAA35
RAB6A,SCYL1
RAB6A,YKT6
RAB6A,SCFD1
RAB6A,VPS29
RAB6A,SNX30
RAB6A,ENSG00000206286
RAB6A,PQLC1
RAB6A,RAB11B
RAB6A,SFT2D3
RAB6A,STX10
RAB6A,CNIH4
RAB6A,CTDNEP1
RAB6A,SNX8
RAB6A,VPS53
RAB6A,YIF1A
RAB6A,YIF1B
RAB6A,PEMT
RAB6A,PGAP3
RAB6A,RQCD1
RAB6A,ATP6V1F
RAB6A,COG6
RAB6A,BECN1
RAB6A,PMM1
RAB6A,UNC50
RAB6A,CHML
RAB6A,VPS26B
RAB6A,WIPF1
RAB6A,ATP6V1G1
RAB6A,CLCN5
RAB6A,ARFRP1
RAB6A,SLC9A6
RAB6A,TBC1D8
RAB6A,UBE2G2
RAB6A,VPS41
RAB6A,DBR1
RAB6A,GOLPH3L
AP1S2,HAS1
AP1S2,HAS3
AP1S2,EEF1A1
AP1S2,TUBB4A
AP1S2,ATP6V1B2
AP1S2,GMPPB
AP1S2,RPL4
AP1S2,ENSG00000185637
AP1S2,CAD
AP1S2,AP1G1
AP1S2,CLTC
AP1S2,TUBB
AP1S2,GGA3
AP1S2,TUBB2B
AP1S2,GPI
AP1S2,AP1G2
CAMK1D,EEF1A1
CAMK1D,TUBB4A
CAMK1D,GMPPB
CAMK1D,ENSG00000185637
CAMK1D,CAD
CAMK1D,CLTC
CAMK1D,COG3
CAMK1D,EPS15
CAMK1D,MYO1E
CAMK1D,TUBB
CAMK1D,CAMKK1
CAMK1D,LPIN1
CAMK1D,TATDN1
CAMK1D,TUBB2B
CAMK1D,C2orf76
CAMK1D,HSD17B4
CAMK1D,GLTSCR2
CAMK1D,GABARAPL1
CAMK1D,TREH
CAMK1D,AQP3
CAMK1D,SCD
CAMK1D,ATAD1
CAMK1D,CTNS
CAMK1D,TOMM70A
CAMK1D,ZSCAN5A
CAMK1D,DBR1
CAMK1D,DDI2
EXOC6,STXBP2
EXOC6,ATP2C1
EXOC6,EEF1A1
EXOC6,TUBB4A
EXOC6,ATP6V1B2
EXOC6,MYO5B
EXOC6,GMPPB
EXOC6,ENSG00000185637
EXOC6,CAD
EXOC6,ALG14
EXOC6,KDELR1
EXOC6,CDK11A
EXOC6,RAB8B
EXOC6,EXOC2
EXOC6,CKS2
EXOC6,DIAPH1
EXOC6,TUBB
EXOC6,RAP1B
EXOC6,ENSG00000176276
EXOC6,MAPK7
EXOC6,PRKAA2
EXOC6,EXOC8
EXOC6,EXOC3
EXOC6,EXOC5
EXOC6,SEC61G
EXOC6,GRTP1
EXOC6,LSS
EXOC6,RAB1A
EXOC6,TUBB2B
EXOC6,SPATA13
EXOC6,UBE3D
EXOC6,NDOR1
EXOC6,SNX30
EXOC6,SEC14L4
EXOC6,SEC14L5
EXOC6,PFN4
EXOC6,TRAPPC3
EXOC6,ZNF259
EXOC6,SNX3
EXOC6,PIGC
EXOC6,RABGEF1
EXOC6,SNAP23
EXOC6,ALG13
STXBP2,ENSG00000212677
STXBP2,ATP2C1
STXBP2,EEF1A1
STXBP2,ATP6V1B2
STXBP2,MYO5B
STXBP2,RPL4
STXBP2,ENSG00000185637
STXBP2,MRPL3
STXBP2,DEPDC5
STXBP2,CDK11A
STXBP2,RAB8B
STXBP2,EXOC2
STXBP2,GDI2
STXBP2,GDI1
STXBP2,NAF1
STXBP2,VAMP4
STXBP2,ENSG00000179036
STXBP2,EXOC8
STXBP2,EXOC3
STXBP2,EXOC5
STXBP2,MRM1
STXBP2,RAB1A
STXBP2,MRPL11
STXBP2,MRPL34
STXBP2,SACM1L
STXBP2,ATP5H
STXBP2,TIMM44
STXBP2,SEC14L4
STXBP2,SEC14L5
STXBP2,GPI
STXBP2,PFN4
STXBP2,TRAPPC3
STXBP2,ZNF259
STXBP2,PIGC
STXBP2,TRMT5
STXBP2,SNAP23
STXBP2,UBE2G2
ENSG00000212677,ATP2C1
ENSG00000212677,EEF1A1
ENSG00000212677,TUBB4A
ENSG00000212677,ATP6V1B2
ENSG00000212677,MYO5B
ENSG00000212677,GMPPB
ENSG00000212677,ENSG00000185637
ENSG00000212677,CAD
ENSG00000212677,ALG14
ENSG00000212677,KDELR1
ENSG00000212677,CDK11A
ENSG00000212677,RAB8B
ENSG00000212677,EXOC2
ENSG00000212677,CKS2
ENSG00000212677,DIAPH1
ENSG00000212677,TUBB
ENSG00000212677,RAP1B
ENSG00000212677,ENSG00000176276
ENSG00000212677,MAPK7
ENSG00000212677,PRKAA2
ENSG00000212677,EXOC8
ENSG00000212677,EXOC3
ENSG00000212677,EXOC5
ENSG00000212677,SEC61G
ENSG00000212677,GRTP1
ENSG00000212677,LSS
ENSG00000212677,RAB1A
ENSG00000212677,TUBB2B
ENSG00000212677,SPATA13
ENSG00000212677,UBE3D
ENSG00000212677,NDOR1
ENSG00000212677,SNX30
ENSG00000212677,SEC14L4
ENSG00000212677,SEC14L5
ENSG00000212677,PFN4
ENSG00000212677,TRAPPC3
ENSG00000212677,ZNF259
ENSG00000212677,SNX3
ENSG00000212677,PIGC
ENSG00000212677,RABGEF1
ENSG00000212677,SNAP23
ENSG00000212677,ALG13
ATP2C1,EEF1A1
ATP2C1,HMGCR
ATP2C1,TUBB4A
ATP2C1,ATP6V1B2
ATP2C1,RPL4
ATP2C1,ENSG00000185637
ATP2C1,PIGW
ATP2C1,SORCS2
ATP2C1,SORT1
ATP2C1,ARMC3
ATP2C1,ASNA1
ATP2C1,ARF1
ATP2C1,RAB5A
ATP2C1,GDI2
ATP2C1,GDI1
ATP2C1,NPEPL1
ATP2C1,STX16
ATP2C1,ALG10
ATP2C1,ENSG00000206214
ATP2C1,ENSG00000112478
ATP2C1,RABAC1
ATP2C1,TUBB
ATP2C1,RCE1
ATP2C1,TMED2
ATP2C1,EXOC3
ATP2C1,TBC1D22A
ATP2C1,ALG5
ATP2C1,ATP13A1
ATP2C1,EXOC5
ATP2C1,STX5
ATP2C1,CYP3A43
ATP2C1,CYP3A5
ATP2C1,CYP4F2
ATP2C1,PINK1-AS
ATP2C1,MAGT1
ATP2C1,ALG10B
ATP2C1,ALG8
ATP2C1,ALG9
ATP2C1,POMT2
ATP2C1,PCSK7
ATP2C1,RER1
ATP2C1,RAB7A
ATP2C1,RAB1A
ATP2C1,HIP1R
ATP2C1,ALG12
ATP2C1,VAPA
ATP2C1,MON1A
ATP2C1,MON2
ATP2C1,GOSR1
ATP2C1,SLC11A2
ATP2C1,TUBB2B
ATP2C1,AFG3L2
ATP2C1,ARFGAP1
ATP2C1,ENSG00000206286
ATP2C1,SFT2D3
ATP2C1,GPI
ATP2C1,FAXDC2
ATP2C1,CNIH4
ATP2C1,CTDNEP1
ATP2C1,CYB5R1
ATP2C1,PEMT
ATP2C1,ALG6
ATP2C1,EMC1
ATP2C1,PGAP3
ATP2C1,PIGG
ATP2C1,COG6
ATP2C1,PIGS
ATP2C1,SCD
ATP2C1,SGPP2
ATP2C1,SGPP1
ATP2C1,ENTPD7
ATP2C1,CLCN5
ATP2C1,SNAP23
ATP2C1,SEC22A
ATP2C1,ATP8A1
AP3B1,EEF1A1
AP3B1,TUBB4A
AP3B1,ATP6V1B2
AP3B1,RPL4
AP3B1,ENSG00000185637
AP3B1,CAD
AP3B1,CORO6
AP3B1,NPEPL1
AP3B1,STX16
AP3B1,ALG10
AP3B1,CLTC
AP3B1,USP7
AP3B1,TUBB
AP3B1,AP3D1
AP3B1,TBC1D22A
AP3B1,ALG5
AP3B1,RAB6B
AP3B1,MAGT1
AP3B1,AP3S1
AP3B1,ALG10B
AP3B1,ENSG00000198641
AP3B1,UAP1
AP3B1,TUBB2B
AP3B1,ALG6
AP3B1,COG6
AP3B1,ARFRP1
AP3B1,SLC30A3
AP3B1,ZNF444
AP3B1,AP3S2
HAS1,HAS3
HAS1,ATP6V1B2
HAS1,MYO5B
HAS1,RPL4
HAS1,CAP2
HAS1,GRAP
HAS1,CAP1
HAS1,DIAPH1
HAS1,EPS15
HAS1,ANAPC10
HAS1,TMED2
HAS1,MAPK7
HAS1,EPN2
HAS1,UPF2
HAS1,CHMP3
HAS1,EPT1
HAS1,AFG3L2
HAS1,PEMT
HAS1,WIPF1
HAS1,UBE2G2
HAS1,GGPS1
HAS3,ATP6V1B2
HAS3,MYO5B
HAS3,RPL4
HAS3,CAP2
HAS3,GRAP
HAS3,CAP1
HAS3,DIAPH1
HAS3,EPS15
HAS3,ANAPC10
HAS3,TMED2
HAS3,MAPK7
HAS3,EPN2
HAS3,UPF2
HAS3,CHMP3
HAS3,EPT1
HAS3,AFG3L2
HAS3,PEMT
HAS3,WIPF1
HAS3,UBE2G2
HAS3,GGPS1
TBRG1,CNOT6
TBRG1,SVOPL
EEF1A1,CAPZA2
EEF1A1,MSMO1
EEF1A1,SIL1
EEF1A1,HMGCR
EEF1A1,TUBB4A
EEF1A1,SLMO2
EEF1A1,ATP6V1B2
EEF1A1,MYO5B
EEF1A1,GMPPB
EEF1A1,RPL4
EEF1A1,ENSG00000185637
EEF1A1,IPO11
EEF1A1,CAD
EEF1A1,BCCIP
EEF1A1,CNDP2
EEF1A1,GART
EEF1A1,ELOVL4
EEF1A1,GDPD1
EEF1A1,GSPT1
EEF1A1,KDELR1
EEF1A1,MRPL3
EEF1A1,ORMDL3
EEF1A1,RASA4B
EEF1A1,SGPL1
EEF1A1,SORCS2
EEF1A1,SORT1
EEF1A1,SRP68
EEF1A1,SRP72
EEF1A1,SLC30A1
EEF1A1,TECR
EEF1A1,VAC14
EEF1A1,VPS4B
EEF1A1,ARMC3
EEF1A1,ATP6V0D1
EEF1A1,CORO6
EEF1A1,DEPDC5
EEF1A1,NSDHL
EEF1A1,CAP2
EEF1A1,CDK11A
EEF1A1,IBA57
EEF1A1,ARF1
EEF1A1,ITSN1
EEF1A1,EXOC2
EEF1A1,VCP
EEF1A1,CCT7
EEF1A1,KDM6A
EEF1A1,ENSG00000100931
EEF1A1,ARHGAP12
EEF1A1,CAP1
EEF1A1,ESX1
EEF1A1,MSI1
EEF1A1,SNX1
EEF1A1,TOMM40
EEF1A1,ACTR3B
EEF1A1,KIF11
EEF1A1,AP1G1
EEF1A1,DNPEP
EEF1A1,KIN
EEF1A1,RRN3
EEF1A1,CKS2
EEF1A1,CLTC
EEF1A1,COG3
EEF1A1,DIAPH1
EEF1A1,EPS15
EEF1A1,MYO1E
EEF1A1,USP7
EEF1A1,TUBB
EEF1A1,ANAPC10
EEF1A1,RAP1B
EEF1A1,RGL3
EEF1A1,STK38L
EEF1A1,TMED2
EEF1A1,ENSG00000176276
EEF1A1,PRKAA2
EEF1A1,EXOC8
EEF1A1,EXOC3
EEF1A1,LACE1
EEF1A1,AP3D1
EEF1A1,LHX9
EEF1A1,LIG1
EEF1A1,ENSG00000186979
EEF1A1,DPH1
EEF1A1,DPH2
EEF1A1,EXOC5
EEF1A1,CNOT3
EEF1A1,MRM1
EEF1A1,CNOT8
EEF1A1,LSS
EEF1A1,VPS11
EEF1A1,NDUFAB1
EEF1A1,GGA3
EEF1A1,PINK1-AS
EEF1A1,ENSG00000198641
EEF1A1,PCSK7
EEF1A1,HSD17B12
EEF1A1,ATG3
EEF1A1,ATG4B
EEF1A1,RAB7A
EEF1A1,ARHGAP21
EEF1A1,RAB1A
EEF1A1,CTU2
EEF1A1,CNOT2
EEF1A1,METTL2B
EEF1A1,TRAPPC2
EEF1A1,MCUR1
EEF1A1,SURF4
EEF1A1,MDP1
EEF1A1,USP30
EEF1A1,CBWD5
EEF1A1,RHOT1
EEF1A1,UCKL1
EEF1A1,METTL2A
EEF1A1,ENSG00000136112
EEF1A1,ATP6V0A1
EEF1A1,PRKAG2
EEF1A1,VPS18
EEF1A1,RASA4
EEF1A1,TMED10
EEF1A1,TMEM87B
EEF1A1,ENSG00000213764
EEF1A1,NPLOC4
EEF1A1,MRPL34
EEF1A1,MRPL42
EEF1A1,TUBB2B
EEF1A1,SACM1L
EEF1A1,SLC36A1
EEF1A1,SCO1
EEF1A1,SPATA13
EEF1A1,CDC16
EEF1A1,CNOT6
EEF1A1,MVK
EEF1A1,AFG3L2
EEF1A1,DCP1A
EEF1A1,OSBP
EEF1A1,SCYL1
EEF1A1,YKT6
EEF1A1,COG4
EEF1A1,UFD1L
EEF1A1,NUBP1
EEF1A1,CDC27
EEF1A1,TVP23B
EEF1A1,SNX30
EEF1A1,FPGS
EEF1A1,PQLC1
EEF1A1,TRAPPC5
EEF1A1,GPI
EEF1A1,SYT6
EEF1A1,VPS16
EEF1A1,VPS33A
EEF1A1,ANKZF1
EEF1A1,FAXDC2
EEF1A1,TRAPPC3
EEF1A1,TRAPPC1
EEF1A1,AIFM2
EEF1A1,CBWD1
EEF1A1,CBWD2
EEF1A1,CBWD6
EEF1A1,HCCS
EEF1A1,SNX8
EEF1A1,ZNF259
EEF1A1,PDCL2
EEF1A1,ABHD4
EEF1A1,RQCD1
EEF1A1,FAM206A
EEF1A1,PICALM
EEF1A1,PIGB
EEF1A1,COG6
EEF1A1,PIGS
EEF1A1,BECN1
EEF1A1,WDR45
EEF1A1,PITRM1
EEF1A1,TTI1
EEF1A1,ENSG00000127359
EEF1A1,SQLE
EEF1A1,TTC39B
EEF1A1,CHCHD4
EEF1A1,SFXN5
EEF1A1,RABGEF1
EEF1A1,BLMH
EEF1A1,SRPR
EEF1A1,ENSG00000179801
EEF1A1,SLC47A1
EEF1A1,TRAPPC4
EEF1A1,TSR3
EEF1A1,TUBG2
EEF1A1,TRUB1
EEF1A1,RWDD1
EEF1A1,TMPRSS3
EEF1A1,SEC22A
EEF1A1,ARFRP1
EEF1A1,TRAPPC6B
EEF1A1,SGK2
EEF1A1,SLC25A29
EEF1A1,SLC35F5
EEF1A1,SLC3A1
EEF1A1,CTSD
EEF1A1,TBC1D8
EEF1A1,TMEM64
EEF1A1,TRAPPC10
EEF1A1,DHDH
EEF1A1,TTC39A
EEF1A1,DRG2
EEF1A1,CBWD3
EEF1A1,VPS41
EEF1A1,DPH6
EEF1A1,IMPACT
EEF1A1,ATP8A1
EEF1A1,SDHAF2
EEF1A1,CRLS1
EEF1A1,DHDDS
EEF1A1,ENSG00000206148
EEF1A1,GGPS1
CAPZA2,ATP6V1B2
CAPZA2,MYO5B
CAPZA2,RPL4
CAPZA2,ENSG00000185637
CAPZA2,CAD
CAPZA2,CORO6
CAPZA2,NSDHL
CAPZA2,CAP2
CAPZA2,ITSN1
CAPZA2,GRAP
CAPZA2,ENSG00000173366
CAPZA2,CAP1
CAPZA2,ESX1
CAPZA2,MYO1E
CAPZA2,TRIP10
CAPZA2,DBNL
CAPZA2,RHOT1
CAPZA2,WASL
CAPZA2,PFN4
CAPZA2,D2HGDH
CAPZA2,WIPF1
MSMO1,HMGCR
MSMO1,TUBB4A
MSMO1,ATP6V1B2
MSMO1,GMPPB
MSMO1,RPL4
MSMO1,ENSG00000185637
MSMO1,CAD
MSMO1,CERS2
MSMO1,GART
MSMO1,ELOVL4
MSMO1,KDELR1
MSMO1,TECR
MSMO1,ASNA1
MSMO1,NSDHL
MSMO1,VCP
MSMO1,NPEPL1
MSMO1,STX16
MSMO1,ENSG00000206214
MSMO1,ENSG00000112478
MSMO1,TUBB
MSMO1,TMED2
MSMO1,TBC1D22A
MSMO1,CYP51A1
MSMO1,ALG5
MSMO1,REEP5
MSMO1,LSS
MSMO1,SC5D
MSMO1,CYP3A43
MSMO1,CYP3A5
MSMO1,CYP4F2
MSMO1,SRPRB
MSMO1,ENTPD6
MSMO1,HSD17B12
MSMO1,SURF4
MSMO1,ALG1
MSMO1,TUBB2B
MSMO1,SACM1L
MSMO1,SLC35G1
MSMO1,SLC36A1
MSMO1,EPT1
MSMO1,ENSG00000206286
MSMO1,ELOVL5
MSMO1,PIGC
MSMO1,SQLE
MSMO1,FDFT1
MSMO1,SIGMAR1
MSMO1,TMEM64
MSMO1,UBE2G2
MSMO1,UROS
MSMO1,ATP8A1
SIL1,ATP6V1B2
SIL1,ENSG00000185637
SIL1,ERN2
SIL1,SEC63
SIL1,POMT2
SIL1,PCSK7
SIL1,SEC62
HMGCR,TUBB4A
HMGCR,ATP6V1B2
HMGCR,GMPPB
HMGCR,ENSG00000185637
HMGCR,ELOVL4
HMGCR,ERN2
HMGCR,ITSN1
HMGCR,TUBB
HMGCR,ATP13A1
HMGCR,PINK1-AS
HMGCR,SRPRB
HMGCR,HSD17B12
HMGCR,PRKAG2
HMGCR,SEL1L
HMGCR,TUBB2B
HMGCR,SLC35G1
HMGCR,MVK
HMGCR,AFG3L2
HMGCR,GPI
HMGCR,TUBG2
HMGCR,UBE2G2
TUBB4A,SLMO2
TUBB4A,ATP6V1B2
TUBB4A,GMPPB
TUBB4A,RPL4
TUBB4A,ENSG00000185637
TUBB4A,CAD
TUBB4A,BCCIP
TUBB4A,CNDP2
TUBB4A,CS
TUBB4A,GART
TUBB4A,ELOVL4
TUBB4A,GDPD1
TUBB4A,KDELR1
TUBB4A,MRPL3
TUBB4A,MECR
TUBB4A,ORMDL3
TUBB4A,R3HDM1
TUBB4A,RASA4B
TUBB4A,SGPL1
TUBB4A,SLC13A1
TUBB4A,SRP68
TUBB4A,SRP72
TUBB4A,SLC30A1
TUBB4A,SLC35E2B
TUBB4A,TIMM23
TUBB4A,TIMM50
TUBB4A,TECR
TUBB4A,VAC14
TUBB4A,VPS4B
TUBB4A,ARMC3
TUBB4A,ATP6V0D1
TUBB4A,CORO6
TUBB4A,DEPDC5
TUBB4A,NSDHL
TUBB4A,SV2B
TUBB4A,CDK11A
TUBB4A,IBA57
TUBB4A,RAB8B
TUBB4A,EXOC2
TUBB4A,VCP
TUBB4A,CCT7
TUBB4A,ENSG00000100931
TUBB4A,ESX1
TUBB4A,MSI1
TUBB4A,TOMM40
TUBB4A,ACTR3B
TUBB4A,KIF11
TUBB4A,AP1G1
TUBB4A,RRN3
TUBB4A,CKS2
TUBB4A,CLTC
TUBB4A,COG3
TUBB4A,DIAPH1
TUBB4A,EPS15
TUBB4A,MYO1E
TUBB4A,SLC35E1
TUBB4A,USP7
TUBB4A,NAF1
TUBB4A,TUBB
TUBB4A,ANAPC10
TUBB4A,RGL3
TUBB4A,TMED2
TUBB4A,PRKAA2
TUBB4A,EXOC8
TUBB4A,EXOC3
TUBB4A,LAPTM4A
TUBB4A,SLC25A28
TUBB4A,CYP51A1
TUBB4A,LIG1
TUBB4A,ATP13A1
TUBB4A,ENSG00000186979
TUBB4A,EXOC5
TUBB4A,LPIN1
TUBB4A,CNOT8
TUBB4A,RAB6B
TUBB4A,ATG4B
TUBB4A,ARHGAP21
TUBB4A,CTU2
TUBB4A,CNOT2
TUBB4A,METTL2B
TUBB4A,MCUR1
TUBB4A,SURF4
TUBB4A,MDP1
TUBB4A,USP30
TUBB4A,CBWD5
TUBB4A,UCKL1
TUBB4A,METTL2A
TUBB4A,ENSG00000136112
TUBB4A,ATP6V0A1
TUBB4A,ALG12
TUBB4A,MON2
TUBB4A,RASA4
TUBB4A,TMED10
TUBB4A,TMEM87B
TUBB4A,NPLOC4
TUBB4A,SLC25A34
TUBB4A,ATP5H
TUBB4A,CDC16
TUBB4A,CNOT6
TUBB4A,AFG3L2
TUBB4A,DCP1A
TUBB4A,YKT6
TUBB4A,COG4
TUBB4A,RABEPK
TUBB4A,CDC27
TUBB4A,SNX30
TUBB4A,FPGS
TUBB4A,PQLC1
TUBB4A,GPI
TUBB4A,SYT6
TUBB4A,VPS33A
TUBB4A,NPRL2
TUBB4A,FAXDC2
TUBB4A,CBWD1
TUBB4A,CBWD2
TUBB4A,CBWD6
TUBB4A,SNX8
TUBB4A,PDCL2
TUBB4A,ABHD4
TUBB4A,PIGG
TUBB4A,RQCD1
TUBB4A,COG6
TUBB4A,PIGS
TUBB4A,SCD
TUBB4A,SQLE
TUBB4A,CHCHD4
TUBB4A,HEXDC
TUBB4A,SFXN5
TUBB4A,RILPL2
TUBB4A,ENSG00000179801
TUBB4A,WIPF1
TUBB4A,TUBG2
TUBB4A,RWDD1
TUBB4A,SLC13A4
TUBB4A,SLC25A29
TUBB4A,SLC35F5
TUBB4A,CTSD
TUBB4A,DHDH
TUBB4A,TUBA1C
TUBB4A,DRG2
TUBB4A,CBWD3
TUBB4A,ABCG8
TUBB4A,CRLS1
TUBB4A,DHDDS
SLMO2,GMPPB
SLMO2,ENSG00000185637
SLMO2,TUBB
SLMO2,TUBB2B
ATP6V1B2,MYO5B
ATP6V1B2,GMPPB
ATP6V1B2,RPL4
ATP6V1B2,ENSG00000185637
ATP6V1B2,CAD
ATP6V1B2,BCCIP
ATP6V1B2,CNDP2
ATP6V1B2,CS
ATP6V1B2,GART
ATP6V1B2,ELOVL4
ATP6V1B2,GDPD1
ATP6V1B2,GSPT1
ATP6V1B2,KDELR1
ATP6V1B2,MRPL3
ATP6V1B2,RASA4B
ATP6V1B2,SGPL1
ATP6V1B2,SLC13A1
ATP6V1B2,SORCS2
ATP6V1B2,SORT1
ATP6V1B2,SRP68
ATP6V1B2,SRP72
ATP6V1B2,TECR
ATP6V1B2,VPS4B
ATP6V1B2,ARMC3
ATP6V1B2,ASNA1
ATP6V1B2,ATP6V0D1
ATP6V1B2,CORO6
ATP6V1B2,DEPDC5
ATP6V1B2,CAP2
ATP6V1B2,CDK11A
ATP6V1B2,VPS35
ATP6V1B2,IBA57
ATP6V1B2,ITPA
ATP6V1B2,GRAP
ATP6V1B2,EXOC2
ATP6V1B2,VCP
ATP6V1B2,NPEPL1
ATP6V1B2,STX16
ATP6V1B2,CAP1
ATP6V1B2,MSI1
ATP6V1B2,SNX1
ATP6V1B2,TOMM40
ATP6V1B2,ACTR3B
ATP6V1B2,AP1G1
ATP6V1B2,KIN
ATP6V1B2,RRN3
ATP6V1B2,CKS2
ATP6V1B2,CLTC
ATP6V1B2,COG3
ATP6V1B2,DIAPH1
ATP6V1B2,EPS15
ATP6V1B2,MYO1E
ATP6V1B2,USP7
ATP6V1B2,TUBB
ATP6V1B2,RAP1B
ATP6V1B2,RGL3
ATP6V1B2,STK38L
ATP6V1B2,TMED2
ATP6V1B2,ENSG00000176276
ATP6V1B2,EXOC8
ATP6V1B2,EXOC3
ATP6V1B2,SLC25A28
ATP6V1B2,LBR
ATP6V1B2,TBC1D22A
ATP6V1B2,TRIP10
ATP6V1B2,LHX9
ATP6V1B2,LIG1
ATP6V1B2,EXOC5
ATP6V1B2,LPIN1
ATP6V1B2,FAM96B
ATP6V1B2,CNOT3
ATP6V1B2,CNOT8
ATP6V1B2,VPS11
ATP6V1B2,NDUFAB1
ATP6V1B2,PINK1-AS
ATP6V1B2,SEC63
ATP6V1B2,ENSG00000198641
ATP6V1B2,PCSK7
ATP6V1B2,HSD17B12
ATP6V1B2,ZDHHC17
ATP6V1B2,ARHGAP21
ATP6V1B2,CTU2
ATP6V1B2,CNOT2
ATP6V1B2,METTL2B
ATP6V1B2,TRAPPC2
ATP6V1B2,MCUR1
ATP6V1B2,SURF4
ATP6V1B2,HIP1R
ATP6V1B2,MDP1
ATP6V1B2,USP30
ATP6V1B2,CBWD5
ATP6V1B2,RHOT1
ATP6V1B2,UCKL1
ATP6V1B2,METTL2A
ATP6V1B2,ENSG00000136112
ATP6V1B2,GPAA1
ATP6V1B2,ATP6V0A1
ATP6V1B2,ALG12
ATP6V1B2,PRKAG2
ATP6V1B2,VAPA
ATP6V1B2,VPS18
ATP6V1B2,NARFL
ATP6V1B2,SEC62
ATP6V1B2,RASA4
ATP6V1B2,TMED10
ATP6V1B2,TMEM87B
ATP6V1B2,ENSG00000213764
ATP6V1B2,NPLOC4
ATP6V1B2,TUBB2B
ATP6V1B2,SACM1L
ATP6V1B2,SLC36A1
ATP6V1B2,RRAGB
ATP6V1B2,RRAGC
ATP6V1B2,SPATA13
ATP6V1B2,CDC16
ATP6V1B2,CNOT6
ATP6V1B2,AFG3L2
ATP6V1B2,WASL
ATP6V1B2,ATP6V0B
ATP6V1B2,DCP1A
ATP6V1B2,ARFGAP1
ATP6V1B2,OSBP
ATP6V1B2,VTI1A
ATP6V1B2,YKT6
ATP6V1B2,STX12
ATP6V1B2,COG4
ATP6V1B2,UFD1L
ATP6V1B2,RABEPK
ATP6V1B2,NUBP1
ATP6V1B2,CDC27
ATP6V1B2,VPS29
ATP6V1B2,SNX30
ATP6V1B2,FPGS
ATP6V1B2,TRAPPC5
ATP6V1B2,GPI
ATP6V1B2,SYT6
ATP6V1B2,VPS16
ATP6V1B2,VPS33A
ATP6V1B2,ANKZF1
ATP6V1B2,FAXDC2
ATP6V1B2,TRAPPC3
ATP6V1B2,TRAPPC1
ATP6V1B2,CTDNEP1
ATP6V1B2,STT3B
ATP6V1B2,CBWD1
ATP6V1B2,CBWD2
ATP6V1B2,CBWD6
ATP6V1B2,HCCS
ATP6V1B2,SNX8
ATP6V1B2,PET112
ATP6V1B2,ABHD4
ATP6V1B2,RQCD1
ATP6V1B2,ATP6V1F
ATP6V1B2,TREH
ATP6V1B2,COG6
ATP6V1B2,PIGS
ATP6V1B2,SCD
ATP6V1B2,BECN1
ATP6V1B2,PITRM1
ATP6V1B2,TTI1
ATP6V1B2,ENSG00000127359
ATP6V1B2,SQLE
ATP6V1B2,DTD1
ATP6V1B2,CHCHD4
ATP6V1B2,SFXN5
ATP6V1B2,VPS26B
ATP6V1B2,RABGEF1
ATP6V1B2,ELAC2
ATP6V1B2,BLMH
ATP6V1B2,SRPR
ATP6V1B2,TRAPPC4
ATP6V1B2,ATP6V1G1
ATP6V1B2,RWDD1
ATP6V1B2,SIGMAR1
ATP6V1B2,TRAPPC6B
ATP6V1B2,SLC13A4
ATP6V1B2,SLC35F5
ATP6V1B2,CTSD
ATP6V1B2,TRAPPC10
ATP6V1B2,DHDH
ATP6V1B2,DRG2
ATP6V1B2,CBWD3
ATP6V1B2,VPS41
ATP6V1B2,ADCK2
ATP6V1B2,ATP8A1
ATP6V1B2,CRLS1
ATP6V1B2,DHDDS
MYO5B,GMPPB
MYO5B,RPL4
MYO5B,ENSG00000185637
MYO5B,CAD
MYO5B,VAC14
MYO5B,KLF12
MYO5B,ASNA1
MYO5B,CORO6
MYO5B,DEPDC5
MYO5B,NSDHL
MYO5B,CDK11A
MYO5B,RAB8B
MYO5B,EXOC2
MYO5B,ESX1
MYO5B,CLTC
MYO5B,EPS15
MYO5B,MYO1E
MYO5B,USP7
MYO5B,RGL3
MYO5B,MAPK7
MYO5B,EXOC3
MYO5B,EXOC5
MYO5B,CTU2
MYO5B,FHL1
MYO5B,RAB25
MYO5B,WASL
MYO5B,C2orf76
MYO5B,RAB11FIP2
MYO5B,EDEM1
MYO5B,RAB11B
MYO5B,WIPF1
MYO5B,SNAP23
MYO5B,TRAPPC10
MYO5B,TRIM3
GMPPB,RPL4
GMPPB,ENSG00000185637
GMPPB,IPO11
GMPPB,CAD
GMPPB,BCCIP
GMPPB,CNDP2
GMPPB,CS
GMPPB,GART
GMPPB,GDPD1
GMPPB,GSPT1
GMPPB,KDELR1
GMPPB,RASA4B
GMPPB,SGPL1
GMPPB,SLC13A1
GMPPB,SORCS2
GMPPB,SORT1
GMPPB,SRP68
GMPPB,SRP72
GMPPB,VPS4B
GMPPB,ARMC3
GMPPB,ATP6V0D1
GMPPB,CORO6
GMPPB,DEPDC5
GMPPB,NSDHL
GMPPB,CDK11A
GMPPB,IBA57
GMPPB,EXOC2
GMPPB,VCP
GMPPB,CCT7
GMPPB,ENSG00000100931
GMPPB,ESX1
GMPPB,MSI1
GMPPB,SNX1
GMPPB,TOMM40
GMPPB,ACTR3B
GMPPB,AP1G1
GMPPB,RRN3
GMPPB,ALG2
GMPPB,CKS2
GMPPB,CLTC
GMPPB,COG3
GMPPB,DIAPH1
GMPPB,EPS15
GMPPB,MYO1E
GMPPB,TUBB
GMPPB,RGL3
GMPPB,STK38L
GMPPB,TMED2
GMPPB,EXOC8
GMPPB,EXOC3
GMPPB,LACE1
GMPPB,SLC25A28
GMPPB,LHX9
GMPPB,LIG1
GMPPB,EXOC5
GMPPB,CNOT3
GMPPB,CNOT8
GMPPB,LYRM4
GMPPB,GGA3
GMPPB,UPF2
GMPPB,CTU2
GMPPB,CNOT2
GMPPB,METTL2B
GMPPB,MDP1
GMPPB,USP30
GMPPB,CBWD5
GMPPB,RHOT1
GMPPB,UCKL1
GMPPB,METTL2A
GMPPB,ENSG00000136112
GMPPB,ATP6V0A1
GMPPB,PRKAG2
GMPPB,VAPA
GMPPB,ALG1
GMPPB,MON2
GMPPB,RASA4
GMPPB,TMEM87B
GMPPB,NPLOC4
GMPPB,TUBB2B
GMPPB,SPATA13
GMPPB,CDC16
GMPPB,CNOT6
GMPPB,MVK
GMPPB,AFG3L2
GMPPB,OSBP
GMPPB,YKT6
GMPPB,COG4
GMPPB,RABEPK
GMPPB,CDC27
GMPPB,SNX30
GMPPB,GPI
GMPPB,VPS33A
GMPPB,AIFM2
GMPPB,CBWD1
GMPPB,CBWD2
GMPPB,CBWD6
GMPPB,SNX8
GMPPB,PDCL2
GMPPB,ABHD4
GMPPB,RQCD1
GMPPB,PICALM
GMPPB,COG6
GMPPB,PIGS
GMPPB,BCAT1
GMPPB,PITRM1
GMPPB,TTI1
GMPPB,ENSG00000127359
GMPPB,PMM1
GMPPB,SQLE
GMPPB,TTC39B
GMPPB,ELAC2
GMPPB,BLMH
GMPPB,SRPR
GMPPB,SLC47A1
GMPPB,ATAD1
GMPPB,SLC13A4
GMPPB,SLC35F5
GMPPB,DHDH
GMPPB,TTC39A
GMPPB,CBWD3
GMPPB,ZFAND1
GMPPB,CRLS1
GMPPB,GPN2
RPL4,ENSG00000185637
RPL4,CAD
RPL4,BCCIP
RPL4,CNDP2
RPL4,CS
RPL4,GART
RPL4,ELOVL4
RPL4,GDPD1
RPL4,GSPT1
RPL4,KDELR1
RPL4,MRPL3
RPL4,RASA4B
RPL4,SGPL1
RPL4,SORCS2
RPL4,SORT1
RPL4,SLC30A1
RPL4,TECR
RPL4,VAC14
RPL4,ARMC3
RPL4,ATP6V0D1
RPL4,CORO6
RPL4,DEPDC5
RPL4,CAP2
RPL4,CDK11A
RPL4,ARF1
RPL4,GRAP
RPL4,VCP
RPL4,CAP1
RPL4,ESX1
RPL4,SNX1
RPL4,TOMM40
RPL4,AP1G1
RPL4,CHMP6
RPL4,RRN3
RPL4,CLTC
RPL4,COG3
RPL4,DIAPH1
RPL4,EPS15
RPL4,USP7
RPL4,NAF1
RPL4,TUBB
RPL4,RAP1B
RPL4,RGL3
RPL4,TMED2
RPL4,ENSG00000176276
RPL4,AP3D1
RPL4,SLC25A28
RPL4,LBR
RPL4,TRIP10
RPL4,LHX9
RPL4,LIG1
RPL4,CNOT3
RPL4,CNOT8
RPL4,VPS11
RPL4,NDUFAB1
RPL4,PINK1-AS
RPL4,SEC63
RPL4,AP3S1
RPL4,ENSG00000198641
RPL4,HSD17B12
RPL4,ARHGAP21
RPL4,CTU2
RPL4,CNOT2
RPL4,TRAPPC2
RPL4,MCUR1
RPL4,SURF4
RPL4,HIP1R
RPL4,RHOT1
RPL4,ATP6V0A1
RPL4,ALG12
RPL4,PRKAG2
RPL4,VAPA
RPL4,VPS18
RPL4,SEC62
RPL4,RASA4
RPL4,TMED10
RPL4,TMEM87B
RPL4,ENSG00000213764
RPL4,TUBB2B
RPL4,SACM1L
RPL4,SPATA13
RPL4,CDC16
RPL4,CNOT6
RPL4,AFG3L2
RPL4,WASL
RPL4,OSBP
RPL4,TIMM44
RPL4,YKT6
RPL4,CDC27
RPL4,TRAPPC5
RPL4,GPI
RPL4,SYT6
RPL4,VPS16
RPL4,VPS33A
RPL4,FAXDC2
RPL4,TRAPPC3
RPL4,TRAPPC1
RPL4,CTDNEP1
RPL4,STT3B
RPL4,HCCS
RPL4,SNX8
RPL4,VPS53
RPL4,RQCD1
RPL4,ATP6V1F
RPL4,PIGS
RPL4,SCD
RPL4,BECN1
RPL4,DTD1
RPL4,COX15
RPL4,SLC47A1
RPL4,TRAPPC4
RPL4,ATP6V1G1
RPL4,ATAD1
RPL4,COQ2
RPL4,TRAPPC6B
RPL4,SLC35F5
RPL4,TANC1
RPL4,TRAPPC10
RPL4,VPS41
RPL4,VWA9
RPL4,CRLS1
RPL4,DHDDS
ENSG00000185637,IPO11
ENSG00000185637,CAD
ENSG00000185637,BCCIP
ENSG00000185637,CNDP2
ENSG00000185637,GART
ENSG00000185637,ELOVL4
ENSG00000185637,GDPD1
ENSG00000185637,GSPT1
ENSG00000185637,KDELR1
ENSG00000185637,MRPL3
ENSG00000185637,ORMDL3
ENSG00000185637,RASA4B
ENSG00000185637,SGPL1
ENSG00000185637,SORCS2
ENSG00000185637,SORT1
ENSG00000185637,SRP68
ENSG00000185637,SRP72
ENSG00000185637,SLC30A1
ENSG00000185637,TECR
ENSG00000185637,VAC14
ENSG00000185637,VPS4B
ENSG00000185637,ARMC3
ENSG00000185637,ATP6V0D1
ENSG00000185637,CORO6
ENSG00000185637,DEPDC5
ENSG00000185637,NSDHL
ENSG00000185637,CAP2
ENSG00000185637,CDK11A
ENSG00000185637,IBA57
ENSG00000185637,ARF1
ENSG00000185637,ITSN1
ENSG00000185637,EXOC2
ENSG00000185637,VCP
ENSG00000185637,CCT7
ENSG00000185637,KDM6A
ENSG00000185637,ENSG00000100931
ENSG00000185637,ARHGAP12
ENSG00000185637,CAP1
ENSG00000185637,ESX1
ENSG00000185637,MSI1
ENSG00000185637,SNX1
ENSG00000185637,TOMM40
ENSG00000185637,ACTR3B
ENSG00000185637,KIF11
ENSG00000185637,AP1G1
ENSG00000185637,DNPEP
ENSG00000185637,KIN
ENSG00000185637,RRN3
ENSG00000185637,CKS2
ENSG00000185637,CLTC
ENSG00000185637,COG3
ENSG00000185637,DIAPH1
ENSG00000185637,EPS15
ENSG00000185637,MYO1E
ENSG00000185637,USP7
ENSG00000185637,TUBB
ENSG00000185637,ANAPC10
ENSG00000185637,RAP1B
ENSG00000185637,RGL3
ENSG00000185637,STK38L
ENSG00000185637,TMED2
ENSG00000185637,ENSG00000176276
ENSG00000185637,PRKAA2
ENSG00000185637,EXOC8
ENSG00000185637,EXOC3
ENSG00000185637,LACE1
ENSG00000185637,AP3D1
ENSG00000185637,LHX9
ENSG00000185637,LIG1
ENSG00000185637,ENSG00000186979
ENSG00000185637,DPH1
ENSG00000185637,DPH2
ENSG00000185637,EXOC5
ENSG00000185637,CNOT3
ENSG00000185637,MRM1
ENSG00000185637,CNOT8
ENSG00000185637,LSS
ENSG00000185637,VPS11
ENSG00000185637,NDUFAB1
ENSG00000185637,GGA3
ENSG00000185637,PINK1-AS
ENSG00000185637,ENSG00000198641
ENSG00000185637,PCSK7
ENSG00000185637,HSD17B12
ENSG00000185637,ATG3
ENSG00000185637,ATG4B
ENSG00000185637,RAB7A
ENSG00000185637,ARHGAP21
ENSG00000185637,RAB1A
ENSG00000185637,CTU2
ENSG00000185637,CNOT2
ENSG00000185637,METTL2B
ENSG00000185637,TRAPPC2
ENSG00000185637,MCUR1
ENSG00000185637,SURF4
ENSG00000185637,MDP1
ENSG00000185637,USP30
ENSG00000185637,CBWD5
ENSG00000185637,RHOT1
ENSG00000185637,UCKL1
ENSG00000185637,METTL2A
ENSG00000185637,ENSG00000136112
ENSG00000185637,ATP6V0A1
ENSG00000185637,PRKAG2
ENSG00000185637,VPS18
ENSG00000185637,RASA4
ENSG00000185637,TMED10
ENSG00000185637,TMEM87B
ENSG00000185637,ENSG00000213764
ENSG00000185637,NPLOC4
ENSG00000185637,MRPL34
ENSG00000185637,MRPL42
ENSG00000185637,TUBB2B
ENSG00000185637,SACM1L
ENSG00000185637,SLC36A1
ENSG00000185637,SCO1
ENSG00000185637,SPATA13
ENSG00000185637,CDC16
ENSG00000185637,CNOT6
ENSG00000185637,MVK
ENSG00000185637,AFG3L2
ENSG00000185637,DCP1A
ENSG00000185637,OSBP
ENSG00000185637,SCYL1
ENSG00000185637,YKT6
ENSG00000185637,COG4
ENSG00000185637,UFD1L
ENSG00000185637,NUBP1
ENSG00000185637,CDC27
ENSG00000185637,TVP23B
ENSG00000185637,SNX30
ENSG00000185637,FPGS
ENSG00000185637,PQLC1
ENSG00000185637,TRAPPC5
ENSG00000185637,GPI
ENSG00000185637,SYT6
ENSG00000185637,VPS16
ENSG00000185637,VPS33A
ENSG00000185637,ANKZF1
ENSG00000185637,FAXDC2
ENSG00000185637,TRAPPC3
ENSG00000185637,TRAPPC1
ENSG00000185637,AIFM2
ENSG00000185637,CBWD1
ENSG00000185637,CBWD2
ENSG00000185637,CBWD6
ENSG00000185637,HCCS
ENSG00000185637,SNX8
ENSG00000185637,ZNF259
ENSG00000185637,PDCL2
ENSG00000185637,ABHD4
ENSG00000185637,RQCD1
ENSG00000185637,FAM206A
ENSG00000185637,PICALM
ENSG00000185637,PIGB
ENSG00000185637,COG6
ENSG00000185637,PIGS
ENSG00000185637,BECN1
ENSG00000185637,WDR45
ENSG00000185637,PITRM1
ENSG00000185637,TTI1
ENSG00000185637,ENSG00000127359
ENSG00000185637,SQLE
ENSG00000185637,TTC39B
ENSG00000185637,CHCHD4
ENSG00000185637,SFXN5
ENSG00000185637,RABGEF1
ENSG00000185637,BLMH
ENSG00000185637,SRPR
ENSG00000185637,ENSG00000179801
ENSG00000185637,SLC47A1
ENSG00000185637,TRAPPC4
ENSG00000185637,TSR3
ENSG00000185637,TUBG2
ENSG00000185637,TRUB1
ENSG00000185637,RWDD1
ENSG00000185637,TMPRSS3
ENSG00000185637,SEC22A
ENSG00000185637,ARFRP1
ENSG00000185637,TRAPPC6B
ENSG00000185637,SGK2
ENSG00000185637,SLC25A29
ENSG00000185637,SLC35F5
ENSG00000185637,SLC3A1
ENSG00000185637,CTSD
ENSG00000185637,TBC1D8
ENSG00000185637,TMEM64
ENSG00000185637,TRAPPC10
ENSG00000185637,DHDH
ENSG00000185637,TTC39A
ENSG00000185637,DRG2
ENSG00000185637,CBWD3
ENSG00000185637,VPS41
ENSG00000185637,DPH6
ENSG00000185637,IMPACT
ENSG00000185637,ATP8A1
ENSG00000185637,SDHAF2
ENSG00000185637,CRLS1
ENSG00000185637,DHDDS
ENSG00000185637,ENSG00000206148
ENSG00000185637,GGPS1
IPO11,CAD
IPO11,UBE2G2
CAD,BCCIP
CAD,CS
CAD,GART
CAD,GDPD1
CAD,GSPT1
CAD,MRPL3
CAD,RASA4B
CAD,SGPL1
CAD,SORCS2
CAD,SORT1
CAD,SRP68
CAD,SRP72
CAD,VAC14
CAD,ATP6V0D1
CAD,CORO6
CAD,DEPDC5
CAD,NSDHL
CAD,CAP2
CAD,CDK11A
CAD,ARF1
CAD,ITPA
CAD,GRAP
CAD,EXOC2
CAD,VCP
CAD,ARHGAP12
CAD,CAP1
CAD,MSI1
CAD,TOMM40
CAD,ACTR3B
CAD,AP1G1
CAD,RRN3
CAD,CKS2
CAD,CLTC
CAD,COG3
CAD,DIAPH1
CAD,EPS15
CAD,MYO1E
CAD,USP7
CAD,TUBB
CAD,RGL3
CAD,STK38L
CAD,TMED2
CAD,EXOC8
CAD,MOB1A
CAD,EXOC3
CAD,LACE1
CAD,SLC25A28
CAD,LHX9
CAD,LIG1
CAD,EXOC5
CAD,LPIN1
CAD,CNOT3
CAD,CNOT8
CAD,VPS11
CAD,NDUFAB1
CAD,GGA3
CAD,PINK1-AS
CAD,ATG3
CAD,UPF2
CAD,ZDHHC17
CAD,ARHGAP21
CAD,CTU2
CAD,CNOT2
CAD,METTL2B
CAD,HIP1R
CAD,MDP1
CAD,USP30
CAD,CBWD5
CAD,UCKL1
CAD,METTL2A
CAD,ENSG00000136112
CAD,PRKAG2
CAD,VAPA
CAD,VPS18
CAD,MOB1B
CAD,RASA4
CAD,TMED10
CAD,TMEM87B
CAD,NPLOC4
CAD,GBF1
CAD,TUBB2B
CAD,RRAGC
CAD,SPATA13
CAD,CDC16
CAD,CNOT6
CAD,AFG3L2
CAD,DCP1A
CAD,OSBP
CAD,YKT6
CAD,COG4
CAD,UFD1L
CAD,RABEPK
CAD,CDC27
CAD,SNX30
CAD,SYT6
CAD,VPS33A
CAD,ANKZF1
CAD,AIFM2
CAD,CBWD1
CAD,CBWD2
CAD,CBWD6
CAD,SNX8
CAD,ABHD4
CAD,RQCD1
CAD,TREH
CAD,PICALM
CAD,COG6
CAD,BCAT1
CAD,PITRM1
CAD,TTI1
CAD,SQLE
CAD,SFXN5
CAD,RABGEF1
CAD,BLMH
CAD,SRPR
CAD,TSR3
CAD,RWDD1
CAD,SGK2
CAD,DHDH
CAD,DRG2
CAD,CBWD3
CAD,UBXN7
CAD,DPH6
CAD,ATP8A1
CAD,CSAD
CAD,CRLS1
CAD,DHDDS
CAD,GPN2
BCCIP,TUBB
BCCIP,TUBB2B
ALG14,ALG13
CERS2,PIGK
CERS2,FAM96B
CERS2,PINK1-AS
CERS2,RAB1A
CERS2,SLC36A1
CERS2,ACER3
CNDP2,RASA4B
CNDP2,CAP2
CNDP2,VCP
CNDP2,CAP1
CNDP2,DIAPH1
CNDP2,TUBB
CNDP2,MON2
CNDP2,RASA4
CNDP2,TMEM87B
CNDP2,TUBB2B
CS,ATP6V0D1
CS,TUBB
CS,SLC25A28
CS,TUBB2B
CS,UBE2G2
GART,GSPT1
GART,MECR
GART,ORMDL3
GART,OTC
GART,TIMM23
GART,TIMM50
GART,TECR
GART,VPS4B
GART,ARMC3
GART,SV2B
GART,RAB8B
GART,VCP
GART,SPCS3
GART,CLTC
GART,CD2AP
GART,NAF1
GART,TUBB
GART,RGL3
GART,ATP13A1
GART,RAB7A
GART,TUBB2B
GART,SLC25A34
GART,ATP5H
GART,GLTSCR2
GART,SYT6
GART,SCD
GART,CHCHD4
GART,FZR1
ELOVL4,SORCS2
ELOVL4,SORT1
ELOVL4,TECR
ELOVL4,SV2B
ELOVL4,ITSN1
ELOVL4,PIGK
ELOVL4,TUBB
ELOVL4,VAMP4
ELOVL4,TMED2
ELOVL4,ENSG00000179036
ELOVL4,LBR
ELOVL4,PINK1-AS
ELOVL4,PCSK7
ELOVL4,PIGT
ELOVL4,TRAPPC2
ELOVL4,ENSG00000136112
ELOVL4,ALG1
ELOVL4,ENSG00000213764
ELOVL4,TUBB2B
ELOVL4,SACM1L
ELOVL4,SLC35G1
ELOVL4,SLC36A1
ELOVL4,EPT1
ELOVL4,SLC7A14
ELOVL4,SLC7A4
ELOVL4,ATP6V0B
ELOVL4,FAXDC2
ELOVL4,CNIH4
ELOVL4,CYB5R1
ELOVL4,ELOVL5
ELOVL4,ELOVL6
ELOVL4,PIGC
ELOVL4,SGPP2
ELOVL4,SGPP1
ELOVL4,TMEM63A
ELOVL4,SEC11A
ELOVL4,SIGMAR1
ELOVL4,SLC9A6
GDPD1,THG1L
GDPD1,TUBB
GDPD1,RHOT1
GDPD1,TUBB2B
GSPT1,MECR
GSPT1,OTC
GSPT1,VAC14
GSPT1,VPS4B
GSPT1,CORO6
GSPT1,GRAP
GSPT1,SNX1
GSPT1,ACTR3B
GSPT1,SPCS3
GSPT1,NAF1
GSPT1,ATP13A1
GSPT1,UPF2
GSPT1,HIP1R
GSPT1,DCP1A
GSPT1,GLTSCR2
GSPT1,GPI
GSPT1,FZR1
KDELR1,ARF1
KDELR1,ERN2
KDELR1,EXOC2
KDELR1,PIGK
KDELR1,DIAPH1
KDELR1,TUBB
KDELR1,STX5
KDELR1,TUBB2B
KDELR1,ARFGAP1
MRPL3,DEPDC5
MRPL3,EPS15
MRPL3,TUBB
MRPL3,MRM1
MRPL3,MRPL11
MRPL3,MRPL34
MRPL3,TUBB2B
MECR,ORMDL3
MECR,OTC
MECR,TIMM23
MECR,TIMM50
MECR,VPS4B
MECR,SV2B
MECR,SPCS3
MECR,NAF1
MECR,TUBB
MECR,ATP13A1
MECR,UBE2R2
MECR,CNOT3
MECR,RAB1A
MECR,TUBB2B
MECR,SLC25A34
MECR,SNX30
MECR,GLTSCR2
MECR,FZR1
MECR,TRAPPC10
MECR,UBE2G2
MECR,CYB5B
ORMDL3,TIMM23
ORMDL3,TIMM50
ORMDL3,SV2B
ORMDL3,NAF1
ORMDL3,TUBB
ORMDL3,CAMKK1
ORMDL3,TRAPPC2
ORMDL3,ENSG00000213764
ORMDL3,TUBB2B
ORMDL3,SLC25A34
ORMDL3,PDK4
ORMDL3,PEMT
OTC,VPS4B
OTC,NCS1
OTC,SPCS3
OTC,ATP13A1
OTC,GLTSCR2
OTC,FZR1
PIGW,SV2B
PIGW,PIGK
PIGW,SEC63
PIGW,SURF4
PIGW,TMEM30A
PIGW,PIGG
PIGW,PIGC
PIGW,PIGL
PIGW,SGPP2
PIGW,SGPP1
PIGW,CLCN5
PIGW,UBE2G2
R3HDM1,SV2B
R3HDM1,TUBB
R3HDM1,TUBB2B
R3HDM1,UBE2G2
R3HDM1,ABCG8
RASA4B,SGPL1
RASA4B,VCP
RASA4B,DIAPH1
RASA4B,TUBB
RASA4B,RAP1B
RASA4B,ENSG00000176276
RASA4B,MON2
RASA4B,RASA4
RASA4B,TMEM87B
RASA4B,TUBB2B
RASA4B,OVGP1
RASA4B,CRAMP1L
RASA4B,HN1L
RASA4B,APMAP
SGPL1,VCP
SGPL1,DIAPH1
SGPL1,TUBB
SGPL1,VAMP4
SGPL1,ENSG00000179036
SGPL1,RASA4
SGPL1,TMEM87B
SGPL1,TUBB2B
SGPL1,FAXDC2
SGPL1,SGPP2
SGPL1,SGPP1
SGPL1,SPHK1
SGPL1,SPHK2
SGPL1,UBE2G2
SLC13A1,SV2B
SLC13A1,NAF1
SLC13A1,TUBB
SLC13A1,PRKAA2
SLC13A1,SLC20A1
SLC13A1,HSD17B12
SLC13A1,CTU2
SLC13A1,TUBB2B
SLC13A1,ATP7B
SORCS2,SORT1
SORCS2,ATP6V0D1
SORCS2,DEPDC5
SORCS2,SV2B
SORCS2,VPS35
SORCS2,GRAP
SORCS2,RAB5A
SORCS2,NPEPL1
SORCS2,STX16
SORCS2,ENSG00000206214
SORCS2,ENSG00000112478
SORCS2,CLTC
SORCS2,NAF1
SORCS2,AP3D1
SORCS2,TRIP10
SORCS2,ATP13A1
SORCS2,PINK1-AS
SORCS2,MAGT1
SORCS2,HSD17B12
SORCS2,METTL18
SORCS2,WASL
SORCS2,VTI1A
SORCS2,ENSG00000206286
SORCS2,VPS53
SORCS2,GPR37
SORCS2,ELOVL5
SORCS2,VPS26B
SORCS2,WIPF1
SORCS2,CTSD
SORCS2,TOMM70A
SORT1,ATP6V0D1
SORT1,DEPDC5
SORT1,SV2B
SORT1,VPS35
SORT1,GRAP
SORT1,RAB5A
SORT1,NPEPL1
SORT1,STX16
SORT1,ENSG00000206214
SORT1,ENSG00000112478
SORT1,CLTC
SORT1,NAF1
SORT1,AP3D1
SORT1,TRIP10
SORT1,ATP13A1
SORT1,GGA1
SORT1,GGA2
SORT1,PINK1-AS
SORT1,MAGT1
SORT1,HSD17B12
SORT1,METTL18
SORT1,WASL
SORT1,VTI1A
SORT1,ENSG00000206286
SORT1,VPS53
SORT1,GPR37
SORT1,ELOVL5
SORT1,VPS26B
SORT1,WIPF1
SORT1,CTSD
SORT1,TOMM70A
SRP68,SRP72
SRP68,TUBB
SRP68,TUBB2B
SRP68,C1orf123
SRP68,UBE2G2
SRP72,ASNA1
SRP72,DIAPH1
SRP72,TUBB
SRP72,TUBB2B
SRP72,C1orf123
SLC30A1,TUBB
SLC30A1,RAB7A
SLC30A1,MON1A
SLC30A1,TUBB2B
SLC30A1,TMEM63A
SLC35E2B,SV2B
SLC35E2B,PIGK
SLC35E2B,TUBB
SLC35E2B,SEC63
SLC35E2B,RAB1A
SLC35E2B,NAPA
SLC35E2B,TUBB2B
SLC35E2B,TMEM63A
SLC35E2B,SEC22A
SLC35E2B,UBE2G2
SLC35E2B,UBXN1
TIMM23,TIMM50
TIMM23,SV2B
TIMM23,TOMM40
TIMM23,NAF1
TIMM23,TUBB
TIMM23,TIMM10
TIMM23,TUBB2B
TIMM23,SLC25A34
TIMM23,TIMM44
TIMM23,TIMM9
TIMM23,YME1L1
TIMM23,DNAJC19
TIMM23,CORO7-PAM16
TIMM23,TIMM22
TIMM23,TIMM17B
TIMM23,TIMM17A
TIMM23,TIMM8A
TIMM23,TOMM70A
TIMM23,UBE2G2
TIMM23,HAO1
TIMM50,ASNA1
TIMM50,SV2B
TIMM50,TOMM40
TIMM50,NAF1
TIMM50,TUBB
TIMM50,TUBB2B
TIMM50,SLC25A34
TIMM50,TIMM44
TIMM50,DNAJC19
TIMM50,CORO7-PAM16
TIMM50,SLC35C2
TIMM50,TIMM17B
TIMM50,TOMM70A
TIMM50,HAO1
TECR,PIGK
TECR,SPCS3
TECR,DIAPH1
TECR,TUBB
TECR,TMED2
TECR,TRIP10
TECR,REEP5
TECR,SRPRB
TECR,HSD17B12
TECR,SURF4
TECR,ALG1
TECR,TMED10
TECR,TUBB2B
TECR,SLC35G1
TECR,SLC36A1
TECR,ATP6V0B
TECR,ELOVL5
TECR,ELOVL6
TECR,SCD
TECR,ACER3
TECR,SEC11A
TECR,SLC24A6
VAC14,CORO6
VAC14,ESX1
VAC14,SNX1
VAC14,AP1G1
VAC14,TUBB
VAC14,CNOT8
VAC14,TUBB2B
VAC14,CNOT6
VAC14,PICALM
VAC14,COG6
VAC14,WDR45
VAC14,FIG4
VPS4B,NUS1
VPS4B,ENSG00000100931
VPS4B,CHMP6
VPS4B,SPCS3
VPS4B,TUBB
VPS4B,EXOC3
VPS4B,ATP13A1
VPS4B,CNOT8
VPS4B,PINK1-AS
VPS4B,SEC63
VPS4B,PCSK7
VPS4B,CHMP3
VPS4B,TUBB2B
VPS4B,CNOT6
VPS4B,GLTSCR2
VPS4B,SEC14L4
VPS4B,SEC14L5
VPS4B,OSBPL5
VPS4B,CHMP2A
VPS4B,FZR1
KLF12,DEPDC5
KLF12,CDK11A
KLF12,CKS2
KLF12,USP7
KLF12,RGL3
KLF12,STK38L
KLF12,MOB1A
KLF12,MOB1B
KLF12,EDEM1
KLF12,FZR1
ARMC3,ATP6V0D1
ARMC3,DIAPH1
ARMC3,TUBB
ARMC3,CYP3A43
ARMC3,CYP3A5
ARMC3,CYP4F2
ARMC3,ENTPD6
ARMC3,GPAA1
ARMC3,ATP6V0A1
ARMC3,TUBB2B
ARMC3,VTI1A
ARMC3,YKT6
ARMC3,GPI
ARMC3,SYT6
ARMC3,ATP6V1F
ARMC3,ATP6V1G1
ARMC3,ATP8A1
ASNA1,ARFGAP2
ASNA1,ARF1
ASNA1,NPEPL1
ASNA1,STX16
ASNA1,CKS2
ASNA1,MYO1E
ASNA1,AP3D1
ASNA1,TRIP10
ASNA1,ATP13A1
ASNA1,RAB6B
ASNA1,ENSG00000198641
ASNA1,VAPA
ASNA1,NPLOC4
ASNA1,CNIH4
ASNA1,GOLT1B
ASNA1,PEMT
ASNA1,COG6
ASNA1,CLCN5
ASNA1,SEC22A
ASNA1,ENSG00000167807
ARFGAP2,ARF1
ARFGAP2,ERN2
ARFGAP2,PRKAA2
ARFGAP2,ATP13A1
ARFGAP2,RAB6B
ARFGAP2,SEC62
ARFGAP2,SLC7A14
ARFGAP2,SLC7A4
ARFGAP2,MTMR8
ARFGAP2,ARFGAP1
ARFGAP2,CNIH4
ARFGAP2,SEC22A
ARFGAP2,ARFRP1
ARFGAP2,BET1
ATP6V0D1,NUS1
ATP6V0D1,SV2B
ATP6V0D1,GRAP
ATP6V0D1,VCP
ATP6V0D1,NPEPL1
ATP6V0D1,STX16
ATP6V0D1,ENSG00000100931
ATP6V0D1,ENSG00000206214
ATP6V0D1,ENSG00000112478
ATP6V0D1,DIAPH1
ATP6V0D1,USP7
ATP6V0D1,TUBB
ATP6V0D1,STK38L
ATP6V0D1,SLC25A28
ATP6V0D1,TRIP10
ATP6V0D1,METTL2B
ATP6V0D1,METTL2A
ATP6V0D1,GPAA1
ATP6V0D1,ATP6V0A1
ATP6V0D1,DAK
ATP6V0D1,TMEM87B
ATP6V0D1,TUBB2B
ATP6V0D1,TMEM30A
ATP6V0D1,WASL
ATP6V0D1,ATP6V0B
ATP6V0D1,ARFGAP1
ATP6V0D1,SCYL1
ATP6V0D1,UBE3D
ATP6V0D1,STX12
ATP6V0D1,ENSG00000206286
ATP6V0D1,GPI
ATP6V0D1,ATP6V1F
ATP6V0D1,PIGS
ATP6V0D1,WIPF1
ATP6V0D1,ATP6V1G1
ATP6V0D1,ATP8A1
CORO6,NSDHL
CORO6,CAP2
CORO6,ERN2
CORO6,ITSN1
CORO6,GRAP
CORO6,ENSG00000173366
CORO6,CAP1
CORO6,ESX1
CORO6,SNX1
CORO6,ACTR3B
CORO6,CLTC
CORO6,MYO1E
CORO6,TUBB
CORO6,CAMKK1
CORO6,DBNL
CORO6,DPH1
CORO6,HSD17B12
CORO6,METTL2B
CORO6,METTL2A
CORO6,ENSG00000136112
CORO6,TUBB2B
CORO6,WASL
CORO6,PFN4
CORO6,D2HGDH
CORO6,MOSPD2
CORO6,WIPF1
CORO6,SGK2
DEPDC5,CDK11A
DEPDC5,VCP
DEPDC5,KDSR
DEPDC5,COG3
DEPDC5,MYO1E
DEPDC5,USP7
DEPDC5,TUBB
DEPDC5,MRM1
DEPDC5,ATP6V0A1
DEPDC5,MRPL11
DEPDC5,MRPL34
DEPDC5,TUBB2B
DEPDC5,EDEM1
DEPDC5,COG4
DEPDC5,COG6
DEPDC5,UBE2G2
NUS1,NPEPL1
NUS1,STX16
NUS1,ALG8
NUS1,SURF4
NUS1,MON2
NUS1,GBF1
NUS1,SEC22A
NSDHL,MYO1E
NSDHL,TUBB
NSDHL,LBR
NSDHL,CYP51A1
NSDHL,LSS
NSDHL,SC5D
NSDHL,TUBB2B
NSDHL,FAXDC2
NSDHL,SQLE
NSDHL,FDFT1
NSDHL,SIGMAR1
NSDHL,ATP7B
SV2B,RAB8B
SV2B,GRAP
SV2B,EVI5
SV2B,CLTC
SV2B,CD2AP
SV2B,SLC35E1
SV2B,NAF1
SV2B,TUBB
SV2B,TRIP10
SV2B,ATP13A1
SV2B,SLC20A1
SV2B,SEC63
SV2B,HSD17B12
SV2B,ALG1
SV2B,TUBB2B
SV2B,SLC25A34
SV2B,ATP5H
SV2B,WASL
SV2B,SCD
SV2B,TTC39B
SV2B,CHCHD4
SV2B,WIPF1
SV2B,COQ2
SV2B,SLC13A4
SV2B,SLMAP
SV2B,ENSG00000206359
SV2B,C6orf15
SV2B,TTC39A
SV2B,ABCG8
SV2B,GOLPH3L
CAP2,ITSN1
CAP2,GRAP
CAP2,ENSG00000173366
CAP2,CAP1
CAP2,EPS15
CAP2,MYO1E
CAP2,MAPK7
CAP2,CAMKK1
CAP2,TRIP10
CAP2,DBNL
CAP2,EXOC5
CAP2,HIP1R
CAP2,TMEM30A
CAP2,WASL
CAP2,PFN4
CAP2,D2HGDH
CAP2,TRMT5
CAP2,WIPF1
CDK11A,RAB8B
CDK11A,EXOC2
CDK11A,GDI2
CDK11A,GDI1
CDK11A,USP7
CDK11A,TUBB
CDK11A,EXOC8
CDK11A,EXOC3
CDK11A,EXOC5
CDK11A,SEC61G
CDK11A,GRTP1
CDK11A,RAB1A
CDK11A,TUBB2B
CDK11A,EDEM1
CDK11A,PFN4
CDK11A,RABGEF1
CDK11A,SNAP23
VPS35,VCP
VPS35,SNX1
VPS35,CLTC
VPS35,RGL3
VPS35,GRTP1
VPS35,RAB6B
VPS35,HIP1R
VPS35,VPS29
VPS35,ANKZF1
VPS35,SNX3
VPS35,CHCHD4
VPS35,TRMT5
VPS35,VPS26B
VPS35,HDDC2
VPS35,VPS26A
IBA57,TUBB
IBA57,MOB1A
IBA57,CNOT3
IBA57,CNOT8
IBA57,CNOT2
IBA57,MOB1B
IBA57,TUBB2B
ARF1,AP1G1
ARF1,AP3D1
ARF1,GGA1
ARF1,GGA3
ARF1,ARHGAP21
ARF1,PIGT
ARF1,GOSR1
ARF1,GBF1
ARF1,ARFIP1
ARF1,ARFGAP1
ARF1,PTPLA
ARF1,PLEKHA8
ARF1,ATP8A1
ERN2,GRAP
ERN2,ALG10
ERN2,PIGK
ERN2,TMED2
ERN2,EXOC3
ERN2,TRIP10
ERN2,ALG5
ERN2,ATP13A1
ERN2,LPIN1
ERN2,PINK1-AS
ERN2,SEC63
ERN2,MAGT1
ERN2,ALG10B
ERN2,ALG8
ERN2,ALG9
ERN2,POMT2
ERN2,RER1
ERN2,SURF4
ERN2,NAPA
ERN2,ALG12
ERN2,SEC62
ERN2,SEL1L
ERN2,TMED10
ERN2,EPT1
ERN2,WASL
ERN2,SEC14L4
ERN2,SEC14L5
ERN2,FAXDC2
ERN2,CNIH4
ERN2,PEMT
ERN2,ALG6
ERN2,DNAJC5
ERN2,PGAP3
ERN2,PIGG
ERN2,PIGS
ERN2,SQLE
ERN2,SEC11A
ERN2,SEC22A
ERN2,ARFRP1
ERN2,UBE2G2
ERN2,ZFAND1
ERN2,ZSCAN5A
RAB8B,EXOC2
RAB8B,RAB5A
RAB8B,YIPF5
RAB8B,GDI2
RAB8B,GDI1
RAB8B,NPEPL1
RAB8B,STX16
RAB8B,CLTC
RAB8B,RABAC1
RAB8B,TUBB
RAB8B,EXOC8
RAB8B,EXOC3
RAB8B,TBC1D22A
RAB8B,REEP5
RAB8B,ATP13A1
RAB8B,EXOC5
RAB8B,STX5
RAB8B,GRTP1
RAB8B,RAB6B
RAB8B,SC5D
RAB8B,RAB7A
RAB8B,RAB1A
RAB8B,TUBB2B
RAB8B,SLC25A34
RAB8B,ATP5H
RAB8B,YIPF2
RAB8B,YIPF1
RAB8B,RAB11B
RAB8B,PFN4
RAB8B,TRAPPC3
RAB8B,YIF1A
RAB8B,YIF1B
RAB8B,SCD
RAB8B,CHCHD4
RAB8B,SNAP23
RAB8B,TBC1D8
ITPA,RRAGB
ITPA,ATP6V1F
ITPA,BLMH
ITPA,ATP6V1G1
ITSN1,SCAMP1
ITSN1,THG1L
ITSN1,EPN3
ITSN1,GRAP
ITSN1,ENSG00000173366
ITSN1,CAP1
ITSN1,ACTR3B
ITSN1,CLTC
ITSN1,EPS15
ITSN1,MYO1E
ITSN1,DBNL
ITSN1,UBE2R2
ITSN1,HIP1R
ITSN1,SNX5
ITSN1,WASL
ITSN1,PFN4
ITSN1,ENTHD1
ITSN1,D2HGDH
ITSN1,PICALM
ITSN1,WIPF1
ITSN1,SNAP23
ITSN1,ATP8A1
SCAMP1,EPS15
SCAMP1,SLC9A7
SCAMP1,SCAMP2
SCAMP1,SCAMP3
SCAMP1,SNAP23
SCAMP1,SYNRG
THG1L,NPEPL1
THG1L,STX16
THG1L,FAXDC2
THG1L,RQCD1
THG1L,TRMT10A
THG1L,SNAP23
THG1L,TRAPPC10
THG1L,ELMOD1
EPN3,ARHGAP12
EPN3,CLTC
EPN3,EPS15
EPN3,FHL1
EPN3,HIP1R
EPN3,SPATA13
EPN3,WASL
EPN3,OSBPL5
EPN3,ENTHD1
EPN3,ASMTL
GRAP,ENSG00000173366
GRAP,CAP1
GRAP,ESX1
GRAP,CLTC
GRAP,DIAPH1
GRAP,EPS15
GRAP,TRIP10
GRAP,CYP51A1
GRAP,ATP13A1
GRAP,DBNL
GRAP,UBE2R2
GRAP,STX5
GRAP,ENSG00000198641
GRAP,PCSK7
GRAP,RAB7A
GRAP,HIP1R
GRAP,SACM1L
GRAP,WASL
GRAP,PFN4
GRAP,D2HGDH
GRAP,TRMT10A
GRAP,UNC50
GRAP,WIPF1
GRAP,SEC22A
ENSG00000173366,CAP1
ENSG00000173366,ACTR3B
ENSG00000173366,KRT36
ENSG00000173366,DBNL
ENSG00000173366,WASL
ENSG00000173366,PFN4
ENSG00000173366,D2HGDH
ENSG00000173366,ELOVL1
ENSG00000173366,WIPF1
EXOC2,GDI2
EXOC2,GDI1
EXOC2,TUBB
EXOC2,MAPK7
EXOC2,EXOC8
EXOC2,EXOC3
EXOC2,EXOC5
EXOC2,SEC61G
EXOC2,RAB1A
EXOC2,TUBB2B
EXOC2,SMG1
EXOC2,SEC14L4
EXOC2,SEC14L5
EXOC2,PICALM
EXOC2,RABGEF1
EXOC2,SNAP23
RAB5A,YIPF5
RAB5A,GDI2
RAB5A,GDI1
RAB5A,VPS45
RAB5A,AP1G1
RAB5A,CLTC
RAB5A,RABAC1
RAB5A,RCE1
RAB5A,TBC1D22A
RAB5A,ATP13A1
RAB5A,GGA1
RAB5A,GGA2
RAB5A,GRTP1
RAB5A,RAB6B
RAB5A,VPS11
RAB5A,GGA3
RAB5A,ENTPD6
RAB5A,POMT2
RAB5A,RAB7A
RAB5A,RAB1A
RAB5A,HIP1R
RAB5A,VPS18
RAB5A,MON1A
RAB5A,MON2
RAB5A,SMAP1
RAB5A,YIPF2
RAB5A,YIPF1
RAB5A,RAB11B
RAB5A,VPS16
RAB5A,FAXDC2
RAB5A,YIF1A
RAB5A,YIF1B
RAB5A,PIGG
RAB5A,RQCD1
RAB5A,COG6
RAB5A,WDR45
RAB5A,CHML
RAB5A,RABEP1
RAB5A,AP1G2
RAB5A,RABGEF1
RAB5A,VPS41
RAB5A,ZFYVE20
YIPF5,GDI2
YIPF5,GDI1
YIPF5,SNX1
YIPF5,RABAC1
YIPF5,REEP5
YIPF5,RAB6B
YIPF5,HSD17B12
YIPF5,RAB7A
YIPF5,RAB1A
YIPF5,ARFGAP1
YIPF5,YIPF2
YIPF5,YIPF1
YIPF5,RAB11B
YIPF5,STX10
YIPF5,SNX3
YIPF5,YIF1A
YIPF5,YIF1B
YIPF5,SLC2A13
CRAT,KIN
CRAT,NAF1
CRAT,PRKAA2
CRAT,ABCG8
GDI2,GDI1
GDI2,EXOC3
GDI2,EXOC5
GDI2,RAB6B
GDI2,RAB7A
GDI2,RAB1A
GDI2,NCAPD2
GDI2,RAB11B
GDI2,RAB9A
GDI2,RAB4A
GDI2,DHDH
GDI1,EXOC3
GDI1,EXOC5
GDI1,RAB6B
GDI1,RAB7A
GDI1,RAB1A
GDI1,NCAPD2
GDI1,RAB11B
GDI1,RAB4A
GDI1,DHDH
VCP,CKS2
VCP,DIAPH1
VCP,TUBB
VCP,RGL3
VCP,UBE2R2
VCP,STX5
VCP,MRM1
VCP,FHL1
VCP,DERL2
VCP,MON2
VCP,SEL1L
VCP,RASA4
VCP,TMEM87B
VCP,NPLOC4
VCP,TUBB2B
VCP,AFG3L2
VCP,UFD1L
VCP,UBE2J2
VCP,VPS29
VCP,GPI
VCP,UBE4B
VCP,ANKZF1
VCP,FAF2
VCP,COG6
VCP,PIGS
VCP,TOMM34
VCP,TUBG2
VCP,FZR1
VCP,UBE2G2
VCP,UBXN1
VCP,UBXN7
VCP,ZFAND1
CCT7,DIAPH1
CCT7,TUBB
CCT7,ENSG00000186979
CCT7,TUBB2B
CCT7,PDCL2
CCT7,ENSG00000179801
NPEPL1,STX16
NPEPL1,ARHGAP12
NPEPL1,VPS45
NPEPL1,RABAC1
NPEPL1,RCE1
NPEPL1,VAMP4
NPEPL1,TMED2
NPEPL1,ENSG00000179036
NPEPL1,AP3D1
NPEPL1,TRIP10
NPEPL1,ATP13A1
NPEPL1,STX5
NPEPL1,RAB6B
NPEPL1,MAGT1
NPEPL1,AP3S1
NPEPL1,ENTPD6
NPEPL1,ENSG00000198641
NPEPL1,PCSK7
NPEPL1,RER1
NPEPL1,ZDHHC17
NPEPL1,RAB1A
NPEPL1,TRAPPC2
NPEPL1,NAPA
NPEPL1,VPS18
NPEPL1,MON2
NPEPL1,GOSR1
NPEPL1,ENSG00000213764
NPEPL1,SACM1L
NPEPL1,ARFGAP1
NPEPL1,VTI1A
NPEPL1,YKT6
NPEPL1,SCFD1
NPEPL1,STX12
NPEPL1,TVP23B
NPEPL1,DOPEY2
NPEPL1,HPS4
NPEPL1,PQLC1
NPEPL1,RAB11B
NPEPL1,SEC14L4
NPEPL1,SEC14L5
NPEPL1,SFT2D3
NPEPL1,SLC25A25
NPEPL1,SOX1
NPEPL1,STX10
NPEPL1,TRAPPC5
NPEPL1,CNIH4
NPEPL1,CTDNEP1
NPEPL1,VPS53
NPEPL1,PEMT
NPEPL1,PGAP3
NPEPL1,PIGG
NPEPL1,COG6
NPEPL1,ARFRP1
NPEPL1,TRAPPC6B
NPEPL1,TMEM64
NPEPL1,ATP8A1
NPEPL1,DDI2
STX16,ARHGAP12
STX16,VPS45
STX16,RABAC1
STX16,RCE1
STX16,VAMP4
STX16,TMED2
STX16,ENSG00000179036
STX16,AP3D1
STX16,TRIP10
STX16,ATP13A1
STX16,STX5
STX16,RAB6B
STX16,MAGT1
STX16,AP3S1
STX16,ENTPD6
STX16,ENSG00000198641
STX16,PCSK7
STX16,RER1
STX16,ZDHHC17
STX16,RAB1A
STX16,TRAPPC2
STX16,NAPA
STX16,VPS18
STX16,MON2
STX16,GOSR1
STX16,ENSG00000213764
STX16,SACM1L
STX16,ARFGAP1
STX16,VTI1A
STX16,YKT6
STX16,SCFD1
STX16,STX12
STX16,TVP23B
STX16,DOPEY2
STX16,HPS4
STX16,PQLC1
STX16,RAB11B
STX16,SEC14L4
STX16,SEC14L5
STX16,SFT2D3
STX16,SOX1
STX16,STX10
STX16,TRAPPC5
STX16,CNIH4
STX16,CTDNEP1
STX16,VPS53
STX16,PEMT
STX16,PGAP3
STX16,PIGG
STX16,COG6
STX16,STX6
STX16,ARFRP1
STX16,TRAPPC6B
STX16,TMEM64
STX16,ATP8A1
STX16,DDI2
NCS1,DCP1A
NCS1,PCSK9
NCS1,SGK2
NCS1,TRAPPC10
NCS1,ASMTL
ALG10,PIGK
ALG10,PINK1-AS
ALG10,MAGT1
ALG10,ALG8
ALG10,PEMT
MAP1A,AP1G1
MAP1A,TUBB
MAP1A,WDFY3
MAP1A,ENSG00000215697
MAP1A,ATG3
MAP1A,MAP1LC3B
MAP1A,UPF2
MAP1A,ATG4B
MAP1A,ATG7
PIGK,RABAC1
PIGK,SLC35E1
PIGK,CYP51A1
PIGK,ALG5
PIGK,REEP5
PIGK,ATP13A1
PIGK,SRPRB
PIGK,ALG10B
PIGK,ENSG00000198641
PIGK,POMT2
PIGK,HSD17B12
PIGK,PIGT
PIGK,SURF4
PIGK,GPAA1
PIGK,ALG12
PIGK,PIGF
PIGK,ALG1
PIGK,MON2
PIGK,GOSR1
PIGK,SEL1L
PIGK,SACM1L
PIGK,ATP6V0B
PIGK,PIGO
PIGK,YIPF2
PIGK,YIPF1
PIGK,FAXDC2
PIGK,ELOVL5
PIGK,ALG6
PIGK,ELOVL6
PIGK,PGAP1
PIGK,PGAP3
PIGK,PIGG
PIGK,PIGC
PIGK,COG6
PIGK,PIGS
PIGK,PIGU
PIGK,ARFRP1
PIGK,SLC9A6
KDM6A,ENSG00000100931
KDM6A,PRKAA2
KDM6A,PRKAG2
ENSG00000100931,CHMP6
ENSG00000100931,TUBB
ENSG00000100931,PCSK7
ENSG00000100931,CHMP3
ENSG00000100931,TUBB2B
ENSG00000100931,SACM1L
ENSG00000100931,CHMP2A
KDSR,NAF1
ARHGAP12,VPS45
ARHGAP12,RAP1B
ARHGAP12,ENSG00000176276
ARHGAP12,FHL1
ARHGAP12,SPATA13
ARHGAP12,HSD17B4
ARHGAP12,ENTHD1
CAP1,EPS15
CAP1,MYO1E
CAP1,MAPK7
CAP1,CAMKK1
CAP1,TRIP10
CAP1,DBNL
CAP1,EXOC5
CAP1,HIP1R
CAP1,TMEM30A
CAP1,WASL
CAP1,PFN4
CAP1,D2HGDH
CAP1,TRMT5
CAP1,WIPF1
ESX1,DIAPH1
ESX1,MYO1E
ESX1,TUBB
ESX1,PRKAA2
ESX1,TRIP10
ESX1,HIP1R
ESX1,TUBB2B
ESX1,WASL
ESX1,UFD1L
ESX1,UNC50
ESX1,WIPF1
ESX1,ATAD1
ESX1,CTSD
EVI5,CD2AP
EVI5,RAB1A
EVI5,GFM2
EVI5,HINT1
EVI5,POR
EVI5,RABEP1
EVI5,UBE2G2
EVI5,FBXO5
MSI1,TUBB
MSI1,UPF2
MSI1,TUBB2B
MSI1,SACM1L
MSI1,SLC25A34
SNX1,CLTC
SNX1,EPN2
SNX1,RAB6B
SNX1,SC5D
SNX1,CNOT2
SNX1,ALG12
SNX1,SLC11A2
SNX1,WASL
SNX1,VPS29
SNX1,YIF1A
SNX1,YIF1B
SNX1,CHCHD4
SNX1,VPS26B
SNX1,ARFRP1
SNX1,VPS26A
TOMM40,TUBB
TOMM40,TOMM22
TOMM40,TUBB2B
TOMM40,TIMM44
TOMM40,YME1L1
TOMM40,CHCHD4
TOMM40,TIMM17B
TOMM40,TOMM7
TOMM40,TOMM70A
VPS45,VAMP4
VPS45,ENSG00000179036
VPS45,CNOT8
VPS45,VPS11
VPS45,HIP1R
VPS45,TAMM41
VPS45,NAPA
VPS45,VPS18
VPS45,CNOT6
VPS45,VTI1A
VPS45,YKT6
VPS45,SCFD1
VPS45,STX12
VPS45,STX10
VPS45,VPS16
VPS45,FMO5
VPS45,FMO6P
VPS45,ZFYVE20
ENSG00000206214,ENSG00000112478
ENSG00000206214,AP3D1
ENSG00000206214,CNOT8
ENSG00000206214,RAB6B
ENSG00000206214,SC5D
ENSG00000206214,AP3S1
ENSG00000206214,ENTPD6
ENSG00000206214,ENSG00000198641
ENSG00000206214,POMT2
ENSG00000206214,RER1
ENSG00000206214,HIP1R
ENSG00000206214,CNOT6
ENSG00000206214,ENSG00000206286
ENSG00000206214,STX10
ENSG00000206214,CTDNEP1
ENSG00000206214,VPS53
ENSG00000206214,PIGG
ENSG00000206214,COG6
ENSG00000206214,CLCN5
ENSG00000206214,TRAPPC6B
ENSG00000206214,SVOPL
ENSG00000112478,AP3D1
ENSG00000112478,CNOT8
ENSG00000112478,RAB6B
ENSG00000112478,SC5D
ENSG00000112478,AP3S1
ENSG00000112478,ENTPD6
ENSG00000112478,ENSG00000198641
ENSG00000112478,POMT2
ENSG00000112478,RER1
ENSG00000112478,HIP1R
ENSG00000112478,CNOT6
ENSG00000112478,ENSG00000206286
ENSG00000112478,STX10
ENSG00000112478,CTDNEP1
ENSG00000112478,VPS53
ENSG00000112478,PIGG
ENSG00000112478,COG6
ENSG00000112478,CLCN5
ENSG00000112478,TRAPPC6B
ENSG00000112478,SVOPL
ACTR3B,DIAPH1
ACTR3B,MYO1E
ACTR3B,TUBB
ACTR3B,DBNL
ACTR3B,HSD17B12
ACTR3B,TUBB2B
ACTR3B,WASL
ACTR3B,TMEM63A
KIF11,TUBB
KIF11,TUBB2B
AP1G1,M6PR
AP1G1,CLTC
AP1G1,TUBB
AP1G1,AP3D1
AP1G1,EPN2
AP1G1,TUBB2B
AP1G1,NECAP2
AP1G1,GPI
AP1G1,PACS1
AP1G1,DNER
AP1G1,RABEP1
AP1G1,RABGEF1
AP1G1,SYNRG
AP1G1,UBE2G2
AP1G1,NECAP1
AP1G1,AP1AR
COG2,COG3
COG2,COG8
COG2,COG4
COG2,COG1
COG2,COG6
COG2,COG5
COG2,COG7
M6PR,GGA1
M6PR,GGA2
M6PR,PLIN3
M6PR,GGA3
KIF20A,RAB6B
ARF3,GGA1
ARF3,GGA2
ARF3,GGA3
ARF3,ARFIP1
DNPEP,KRT36
DNPEP,DBNL
ENSG00000206304,ENSG00000186979
ENSG00000206304,ENSG00000179801
CHMP6,CNOT8
CHMP6,CHMP3
CHMP6,CNOT6
CHMP6,RAB17
ENSG00000206409,ENSG00000186979
ENSG00000206409,ENSG00000179801
SPCS3,ATP13A1
SPCS3,FAM96B
SPCS3,TMED10
SPCS3,GLTSCR2
SPCS3,SCD
SPCS3,SEC11A
SPCS3,FZR1
RRN3,NAF1
RRN3,TUBB
RRN3,CTU2
RRN3,TUBB2B
ALG2,ALG1
ALG2,UBE2G2
CKS2,EPS15
CKS2,TUBB
CKS2,RGL3
CKS2,STK38L
CKS2,MAPK7
CKS2,EXOC8
CKS2,MOB1A
CKS2,RAB6B
CKS2,FHL1
CKS2,MOB1B
CKS2,MON1A
CKS2,TUBB2B
CKS2,CDC16
CKS2,CDC27
CKS2,USP39
CKS2,SEC22A
CKS2,FZR1
CKS2,TFF1
CKS2,UBE2G2
CKS2,CHRNB4
CKS2,CHRNA3
CLTC,EPS15
CLTC,TUBB
CLTC,VAMP4
CLTC,ENSG00000179036
CLTC,EXOC3
CLTC,EPN2
CLTC,TRIP10
CLTC,ATP13A1
CLTC,DBNL
CLTC,GGA1
CLTC,GGA2
CLTC,GGA3
CLTC,PCSK7
CLTC,RAB7A
CLTC,METTL2B
CLTC,HIP1R
CLTC,METTL2A
CLTC,ENSG00000136112
CLTC,SNX5
CLTC,TUBB2B
CLTC,SLC25A34
CLTC,ATP5H
CLTC,TMEM30A
CLTC,WASL
CLTC,STX12
CLTC,ENTHD1
CLTC,PICALM
CLTC,SCD
CLTC,NCALD
CLTC,CHCHD4
CLTC,WIPF1
CLTC,AP3B2
CLTC,ATP8A1
CLTC,CLTB
CLTC,ARMCX3
CD2AP,DBNL
CD2AP,HIP1R
CD2AP,WASL
CD2AP,UFD1L
CD2AP,TTC39B
CD2AP,RAB4A
CD2AP,TTC39A
CD2AP,ENSG00000206269
CD2AP,ENSG00000206378
CD2AP,GPN2
COG3,TUBB
COG3,STX5
COG3,RAB1A
COG3,COG8
COG3,GOSR1
COG3,SEL1L
COG3,TUBB2B
COG3,YKT6
COG3,SCFD1
COG3,COG4
COG3,COG1
COG3,COG6
COG3,SEC22A
COG3,COG5
COG3,UBE2G2
COG3,BET1
COG3,COG7
DIAPH1,MYO1E
DIAPH1,TUBB
DIAPH1,VAMP4
DIAPH1,ENSG00000179036
DIAPH1,MAPK7
DIAPH1,UBE2R2
DIAPH1,EXOC5
DIAPH1,GRTP1
DIAPH1,RAB6B
DIAPH1,SC5D
DIAPH1,CTU2
DIAPH1,FHL1
DIAPH1,HIP1R
DIAPH1,GPAA1
DIAPH1,ATP6V0A1
DIAPH1,MON2
DIAPH1,RASA4
DIAPH1,TMEM87B
DIAPH1,NPLOC4
DIAPH1,TUBB2B
DIAPH1,ATP5H
DIAPH1,COG4
DIAPH1,UFD1L
DIAPH1,GPI
DIAPH1,SYT6
DIAPH1,ANKZF1
DIAPH1,PFN4
DIAPH1,NUBP2
DIAPH1,PDCL2
DIAPH1,ATP6V1F
DIAPH1,SQLE
DIAPH1,SEC11A
DIAPH1,ATP6V1G1
DIAPH1,SIGMAR1
DIAPH1,ATP8A1
DIAPH1,DHDDS
EPS15,MYO1E
EPS15,NAF1
EPS15,TUBB
EPS15,RGL3
EPS15,MAPK7
EPS15,EPN2
EPS15,TRIP10
EPS15,DBNL
EPS15,MRM1
EPS15,RAB7A
EPS15,HIP1R
EPS15,TUBB2B
EPS15,WASL
EPS15,DCP1A
EPS15,ENTHD1
EPS15,PICALM
EPS15,PITRM1
EPS15,RABGEF1
MYO1E,TUBB
MYO1E,PRKAA2
MYO1E,LARS2
MYO1E,TRIP10
MYO1E,DBNL
MYO1E,TUBB2B
MYO1E,AFG3L2
MYO1E,TMEM30A
MYO1E,ENSG00000205918
MYO1E,WASL
MYO1E,WIPF1
RABAC1,ENSG00000179036
RABAC1,TBC1D22A
RABAC1,REEP5
RABAC1,STX5
RABAC1,RAB6B
RABAC1,ENSG00000198641
RABAC1,RAB7A
RABAC1,MAP7D2
RABAC1,RAB1A
RABAC1,MON2
RABAC1,SLC7A14
RABAC1,SLC7A4
RABAC1,TIMM44
RABAC1,RAB11B
RABAC1,STX10
RABAC1,CTDNEP1
RABAC1,YIF1A
RABAC1,YIF1B
RABAC1,PEMT
RABAC1,ELOVL6
RABAC1,RAB17
RABAC1,RAB4A
RABAC1,ENTPD7
RABAC1,SIGMAR1
RABAC1,TRAPPC6B
RABAC1,ATP8A1
SLC35E1,TUBB
SLC35E1,SEC63
SLC35E1,RAB1A
SLC35E1,NAPA
SLC35E1,TUBB2B
SLC35E1,TMEM63A
SLC35E1,SEC22A
SLC35E1,UBE2G2
SLC35E1,UBXN1
USP7,TUBB
USP7,STK38L
USP7,CAMKK1
USP7,SRPK2
USP7,TUBB2B
USP7,EDEM1
USP7,TMEM63A
USP7,HERPUD1
USP7,FZR1
NAF1,TUBB
NAF1,LARS2
NAF1,TRIP10
NAF1,CYP3A43
NAF1,CYP3A5
NAF1,CYP4F2
NAF1,MEIS3P2
NAF1,SLC35D3
NAF1,TUBB2B
NAF1,SLC25A34
NAF1,ATP5H
NAF1,SLC7A14
NAF1,SLC7A4
NAF1,DCP1A
NAF1,ABCG2
NAF1,ARFGAP1
NAF1,COX11
NAF1,ERMP1
NAF1,OSBP
NAF1,PIGO
NAF1,SCYL1
NAF1,TIMM44
NAF1,YIPF2
NAF1,UBE3D
NAF1,YIPF1
NAF1,PIGU
NAF1,RABGEF1
NAF1,WIPF1
NAF1,SLC13A4
NAF1,TRAPPC10
NAF1,ABCG8
NAF1,DHDDS
TUBB,ANAPC10
TUBB,RGL3
TUBB,TMED2
TUBB,PRKAA2
TUBB,EXOC8
TUBB,EXOC3
TUBB,SLC25A28
TUBB,CYP51A1
TUBB,LIG1
TUBB,ATP13A1
TUBB,ENSG00000186979
TUBB,EXOC5
TUBB,LPIN1
TUBB,CNOT8
TUBB,RAB6B
TUBB,ATG4B
TUBB,ARHGAP21
TUBB,PIGT
TUBB,CTU2
TUBB,CNOT2
TUBB,METTL2B
TUBB,MCUR1
TUBB,SURF4
TUBB,MDP1
TUBB,USP30
TUBB,CBWD5
TUBB,UCKL1
TUBB,METTL2A
TUBB,ENSG00000136112
TUBB,ATP6V0A1
TUBB,ALG12
TUBB,MON2
TUBB,RASA4
TUBB,TMED10
TUBB,TMEM87B
TUBB,NPLOC4
TUBB,SLC25A34
TUBB,ATP5H
TUBB,CDC16
TUBB,CNOT6
TUBB,AFG3L2
TUBB,DCP1A
TUBB,YKT6
TUBB,COG4
TUBB,RABEPK
TUBB,CDC27
TUBB,SNX30
TUBB,FPGS
TUBB,PQLC1
TUBB,GPI
TUBB,SYT6
TUBB,VPS33A
TUBB,NPRL2
TUBB,FAXDC2
TUBB,CBWD1
TUBB,CBWD2
TUBB,CBWD6
TUBB,SNX8
TUBB,PDCL2
TUBB,ABHD4
TUBB,PIGG
TUBB,RQCD1
TUBB,COG6
TUBB,PIGS
TUBB,SCD
TUBB,SQLE
TUBB,NCALD
TUBB,CHCHD4
TUBB,SFXN5
TUBB,ENSG00000179801
TUBB,WIPF1
TUBB,TUBG2
TUBB,RWDD1
TUBB,SLC13A4
TUBB,SLC25A29
TUBB,SLC35F5
TUBB,CTSD
TUBB,DHDH
TUBB,TUBA1C
TUBB,ASCL2
TUBB,ARL8B
TUBB,DRG2
TUBB,CBWD3
TUBB,ABCG8
TUBB,CRLS1
TUBB,DHDDS
KPTN,PKIG
KPTN,RAB25
PKIG,RAB25
ANAPC10,RAB7A
ANAPC10,TUBB2B
ANAPC10,CDC16
ANAPC10,CDC27
ANAPC10,HTATIP2
ANAPC10,ANAPC11
ANAPC10,FZR1
ANAPC10,ANAPC4
RAP1B,RGL3
RAP1B,FHL1
RAP1B,PRKAG2
RAP1B,RASA4
RAP1B,SPATA13
RCE1,RAB6B
RCE1,ENSG00000198641
RCE1,GOSR1
RCE1,CNIH4
RCE1,COG6
RCE1,SEC22A
RGL3,STK38L
RGL3,ENSG00000176276
RGL3,MOB1A
RGL3,DBNL
RGL3,MOB1B
RGL3,TUBB2B
RGL3,SLC36A1
RGL3,ATP5H
RGL3,DCP1A
RGL3,SCFD1
RGL3,VPS29
RGL3,ANKZF1
RGL3,CHCHD4
RGL3,FZR1
STK38L,MOB1A
STK38L,UBE2R2
STK38L,CNOT3
STK38L,MOB1B
STK38L,GOSR1
STK38L,ELAC2
STK38L,FZR1
VAMP4,ENSG00000179036
VAMP4,STX5
VAMP4,NAPA
VAMP4,GOSR1
VAMP4,ARFGAP1
VAMP4,VTI1A
VAMP4,YKT6
VAMP4,SCFD1
VAMP4,STX12
VAMP4,SNX30
VAMP4,NIT2
VAMP4,STX10
VAMP4,PACS1
VAMP4,ELOVL5
VAMP4,STX6
VAMP4,SNAP23
VAMP4,SEC22A
VAMP4,BET1
VAMP4,DDI2
TMED2,ALG5
TMED2,SEC61G
TMED2,STX5
TMED2,NDUFAB1
TMED2,SRPRB
TMED2,POMT2
TMED2,HSD17B12
TMED2,TRAPPC2
TMED2,SURF4
TMED2,ALG1
TMED2,TMED10
TMED2,ENSG00000213764
TMED2,TUBB2B
TMED2,EPT1
TMED2,ARFGAP1
TMED2,YIPF2
TMED2,YIPF1
TMED2,COG4
TMED2,FAXDC2
TMED2,CNIH4
TMED2,ELOVL5
TMED2,SIGMAR1
TMED2,SEC22A
TMED2,ATP7B
ENSG00000176276,FHL1
ENSG00000176276,PRKAG2
ENSG00000176276,RASA4
ENSG00000176276,SPATA13
ENSG00000179036,STX5
ENSG00000179036,NAPA
ENSG00000179036,VAPA
ENSG00000179036,GOSR1
ENSG00000179036,ARFGAP1
ENSG00000179036,VTI1A
ENSG00000179036,YKT6
ENSG00000179036,SCFD1
ENSG00000179036,STX12
ENSG00000179036,SNX30
ENSG00000179036,NIT2
ENSG00000179036,STX10
ENSG00000179036,ELOVL5
ENSG00000179036,DNAJC5
ENSG00000179036,SNAP23
ENSG00000179036,SEC22A
ENSG00000179036,STX11
ENSG00000179036,BET1
ENSG00000179036,DDI2
MAPK7,CYP51A1
MAPK7,UBE2R2
MAPK7,RAB6B
MAPK7,LSS
MAPK7,GGA3
MAPK7,ALG8
MAPK7,ARHGAP21
MAPK7,PIGT
MAPK7,PIGF
MAPK7,SACM1L
MAPK7,RABEPK
MAPK7,PFN4
MAPK7,PIGU
MAPK7,POR
MAPK7,SEC22A
MAPK7,DHDDS
PRKAA2,CAMKK1
PRKAA2,EXOC5
PRKAA2,LPIN1
PRKAA2,RAB6B
PRKAA2,CYP3A43
PRKAA2,CYP3A5
PRKAA2,CYP4F2
PRKAA2,TATDN1
PRKAA2,PRKAG2
PRKAA2,SMAP1
PRKAA2,TUBB2B
PRKAA2,CNOT6
PRKAA2,HSD17B4
PRKAA2,GLTSCR2
PRKAA2,PET112
PRKAA2,AQP3
PRKAA2,WIPF1
PRKAA2,SEC22A
PRKAA2,SLC13A4
EXOC8,EXOC3
EXOC8,EXOC5
EXOC8,TUBB2B
EXOC8,UBE3D
EXOC8,PFN4
EXOC8,TRAPPC3
EXOC8,RABEP1
EXOC8,RABGEF1
EXOC8,SNAP23
MOB1A,CYP51A1
MOB1A,CNOT8
MOB1A,MOB1B
MOB1A,CNOT6
MOB1A,FZR1
EXOC3,EXOC5
EXOC3,RAB1A
EXOC3,TUBB2B
EXOC3,SACM1L
EXOC3,STX12
EXOC3,COG6
EXOC3,RABGEF1
EXOC3,SNAP23
EXOC3,SRBD1
EXOC3,TRIM3
TUBGCP5,TUBG2
TUBGCP5,TUBGCP6
TUBGCP5,TUBGCP3
CAMKK1,LHX9
CAMKK1,LPIN1
CAMKK1,GRTP1
CAMKK1,PRKAG2
CAMKK1,IDI1
CAMKK1,HSD17B4
CAMKK1,WDR45
CAMKK1,ELAC2
LACE1,SCO1
LACE1,COX11
LACE1,OSBP
AP3D1,TBC1D22A
AP3D1,ALG5
AP3D1,RAB6B
AP3D1,MAGT1
AP3D1,AP3S1
AP3D1,ENTPD6
AP3D1,ALG8
AP3D1,ENSG00000198641
AP3D1,TRAPPC2
AP3D1,MON2
AP3D1,GOSR1
AP3D1,SMAP1
AP3D1,ENSG00000213764
AP3D1,UBE2J2
AP3D1,ENSG00000206286
AP3D1,PQLC1
AP3D1,CTDNEP1
AP3D1,ALG6
AP3D1,COG6
AP3D1,ARFRP1
AP3D1,SLC30A3
AP3D1,VPS41
AP3D1,AP3S2
AP3D1,ATP8A1
EPN2,GGA3
EPN2,TATDN1
EPN2,VTI1A
EPN2,STX12
EPN2,ASMTL
EPN2,DDI2
LARS2,SLC25A28
LARS2,TIMM10
SLC25A28,TIMM10
SLC25A28,TUBB2B
TIMM10,TIMM9
TIMM10,TIMM10B
TIMM10,TIMM22
TIMM10,TIMM8A
LBR,TBC1D22A
LBR,TRIP10
LBR,CYP51A1
LBR,SC5D
LBR,SQLE
LBR,SIGMAR1
TBC1D22A,CYP51A1
TBC1D22A,ATP13A1
TBC1D22A,RAB6B
TBC1D22A,PINK1-AS
TBC1D22A,AP3S1
TBC1D22A,ENTPD6
TBC1D22A,ENSG00000198641
TBC1D22A,PCSK7
TBC1D22A,RER1
TBC1D22A,RAB7A
TBC1D22A,RAB1A
TBC1D22A,GOSR1
TBC1D22A,SLC35D3
TBC1D22A,SACM1L
TBC1D22A,ARFGAP1
TBC1D22A,SEC14L4
TBC1D22A,SEC14L5
TBC1D22A,CNIH4
TBC1D22A,TRAPPC1
TBC1D22A,CTDNEP1
TBC1D22A,PEMT
TBC1D22A,ALG6
TBC1D22A,PGAP3
TBC1D22A,PIGG
TBC1D22A,COG6
TBC1D22A,ENTPD7
TBC1D22A,SIGMAR1
TBC1D22A,SEC22A
TBC1D22A,ARFRP1
TBC1D22A,SLC35C2
TBC1D22A,ATP8A1
TRIP10,DBNL
TRIP10,ATG3
TRIP10,RAB7A
TRIP10,HIP1R
TRIP10,SLC35D3
TRIP10,MTO1
TRIP10,RRAGB
TRIP10,WASL
TRIP10,PDCL2
TRIP10,PGAP3
TRIP10,PIGB
TRIP10,UNC50
TRIP10,WIPF1
TRIP10,TIMM22
TRIP10,UBE2G2
TRIP10,HSCB
CYP51A1,ATP13A1
CYP51A1,LSS
CYP51A1,SC5D
CYP51A1,PIGT
CYP51A1,MOB1B
CYP51A1,TUBB2B
CYP51A1,SLC36A1
CYP51A1,CDC27
CYP51A1,VPS29
CYP51A1,RAB11B
CYP51A1,PFN4
CYP51A1,CYB5R1
CYP51A1,ZNF259
CYP51A1,ELOVL5
CYP51A1,PDCL2
CYP51A1,PEMT
CYP51A1,PIGC
CYP51A1,PIGU
CYP51A1,SQLE
CYP51A1,POR
CYP51A1,TRMT5
CYP51A1,FDFT1
CYP51A1,SIGMAR1
CYP51A1,UBE2G2
CYP51A1,DHDDS
LHX9,PDK4
LHX9,DPH6
RILP,RAB7A
ALG5,PINK1-AS
ALG5,MAGT1
ALG5,AP3S1
ALG5,ENSG00000198641
ALG5,RER1
ALG5,SEL1L
ALG5,SLC35G1
ALG5,EPT1
ALG5,GLTSCR2
ALG5,STT3B
ALG5,PEMT
ALG5,ALG6
ALG5,ELOVL6
ALG5,PGAP3
ALG5,PIGG
ALG5,DAD1
ALG5,UBE2G2
REEP5,RAB6B
REEP5,RAB7A
REEP5,ENSG00000136112
REEP5,SACM1L
REEP5,SLC35G1
REEP5,SLC36A1
REEP5,YIF1A
REEP5,YIF1B
REEP5,ELOVL6
REEP5,PIGC
LIG1,ATP13A1
LIG1,DBNL
LIG1,UBE2R2
LIG1,TUBB2B
ATP13A1,RAB6B
ATP13A1,PINK1-AS
ATP13A1,SEC63
ATP13A1,MAGT1
ATP13A1,ENSG00000198641
ATP13A1,PCSK7
ATP13A1,RER1
ATP13A1,SRPK2
ATP13A1,ALG12
ATP13A1,SEC62
ATP13A1,MON1A
ATP13A1,MON2
ATP13A1,GOSR1
ATP13A1,SEL1L
ATP13A1,SLC35D3
ATP13A1,TUBB2B
ATP13A1,SACM1L
ATP13A1,SLC25A34
ATP13A1,ATP5H
ATP13A1,GLTSCR2
ATP13A1,SFT2D3
ATP13A1,FAXDC2
ATP13A1,CNIH4
ATP13A1,CTDNEP1
ATP13A1,HTATIP2
ATP13A1,PEMT
ATP13A1,ALG6
ATP13A1,PGAP3
ATP13A1,PIGG
ATP13A1,COG6
ATP13A1,SCD
ATP13A1,CHCHD4
ATP13A1,ENTPD7
ATP13A1,WIPF1
ATP13A1,SEC22A
ATP13A1,FZR1
ATP13A1,GGPS1
DBNL,HIP1R
DBNL,AFG3L2
DBNL,WASL
DBNL,DCP1A
DBNL,PFN4
DBNL,D2HGDH
DBNL,WIPF1
DBNL,UBXN1
UBE2R2,ARHGAP40
UBE2R2,HIP1R
UBE2R2,HSD17B4
UBE2R2,CDC27
UBE2R2,PEMT
UBE2R2,SEC22A
UBE2R2,UBE2G2
UBE2R2,ATP8A1
UBE2R2,GOLPH3L
LIPT1,ENSG00000186979
LIPT1,DPH1
LIPT1,DPH2
LIPT1,GPI
LIPT1,ENSG00000179801
LIPT1,TUBG2
LIPT1,DHDH
ENSG00000186979,DPH1
ENSG00000186979,DPH2
ENSG00000186979,TUBB2B
ENSG00000186979,GPI
ENSG00000186979,PDCL2
ENSG00000186979,TRIT1
ENSG00000186979,ENSG00000179801
ENSG00000186979,TMEM256
ENSG00000186979,DHDH
ENSG00000186979,APOM
DPH1,DPH2
DPH1,GPI
DPH1,ENSG00000179801
DPH1,DHDH
DPH2,GPI
DPH2,ENSG00000179801
DPH2,DHDH
SLC20A1,PIGT
SLC20A1,CTU2
SLC20A1,SLC13A4
SLC20A1,ATP7B
EXOC5,ENTPD6
EXOC5,RAB1A
EXOC5,TUBB2B
EXOC5,ATP5H
EXOC5,TIMM44
EXOC5,POR
EXOC5,RABGEF1
EXOC5,ELAC2
EXOC5,SNAP23
EXOC5,SRBD1
EXOC5,UBE2G2
EXOC5,CHCHD2
EXOC5,CHCHD2P9
SEC61G,PINK1-AS
SEC61G,SEC63
SEC61G,SQLE
LPIN1,TUBB2B
LPIN1,CTDNEP1
LPIN1,PDK4
SHPRH,FDFT1
STX5,RAB6B
STX5,PCSK7
STX5,RER1
STX5,ZDHHC17
STX5,RAB1A
STX5,NAPA
STX5,GOSR1
STX5,TMED10
STX5,ARFGAP1
STX5,GOSR2
STX5,VTI1A
STX5,YKT6
STX5,SCFD1
STX5,STX12
STX5,COG4
STX5,RAB11B
STX5,SFT2D3
STX5,STX10
STX5,CNIH4
STX5,TRAPPC3
STX5,YIF1A
STX5,YIF1B
STX5,COG6
STX5,SASH3
STX5,SNAP23
STX5,SEC22A
STX5,FMO1
STX5,BET1
LRP3,GGA1
LRP3,GGA2
GGA1,NECAP2
GGA1,RABEP1
GGA1,RABGEF1
GGA1,SYNRG
GGA1,IGF2R
GGA1,AP1AR
GGA2,NECAP2
GGA2,RABEP1
GGA2,RABGEF1
GGA2,SYNRG
GGA2,IGF2R
GRTP1,RAB6B
GRTP1,SPATA13
GRTP1,RAB11B
GRTP1,SNAP23
ATP9B,MON2
ATP9B,TMEM30A
ATP9B,ELOVL6
ATP9B,TMEM63A
ATP9B,ATP8A1
ATP9B,DPY30
FAM96B,NARFL
FAM96B,RRAGC
FAM96B,MUC17
FAM96B,OSBP
FAM96B,TOMM70A
ARHGAP40,UBE2G2
CNOT3,CNOT8
CNOT3,RAB1A
CNOT3,CNOT2
CNOT3,CNOT6
CNOT3,RQCD1
CNOT3,CAND2
CNOT3,CYB5B
MRM1,NPLOC4
MRM1,MRPL11
MRM1,MRPL34
MRM1,UFD1L
MRM1,UBE4B
MRM1,ANKZF1
MRM1,BCAT1
MRM1,UBXN1
MRM1,UBXN7
MRM1,ZFAND1
CNOT8,CHMP3
CNOT8,CNOT2
CNOT8,MOB1B
CNOT8,MON2
CNOT8,TUBB2B
CNOT8,SACM1L
CNOT8,ATP5H
CNOT8,CNOT6
CNOT8,DCP1A
CNOT8,ARFGAP1
CNOT8,RABEPK
CNOT8,ENSG00000206286
CNOT8,VPS33A
CNOT8,VPS53
CNOT8,RQCD1
CNOT8,BECN1
CNOT8,CHMP2A
CNOT8,YARS2
CNOT8,SIGMAR1
CNOT8,SLC9A6
CNOT8,ZFYVE20
CNOT8,PTRH1
RAB6B,SC5D
RAB6B,CYP3A43
RAB6B,CYP3A5
RAB6B,CYP4F2
RAB6B,ENSG00000198641
RAB6B,TM9SF4
RAB6B,RER1
RAB6B,RAB7A
RAB6B,RAB1A
RAB6B,SRPK2
RAB6B,PRKAG2
RAB6B,VAPA
RAB6B,MON1A
RAB6B,MON2
RAB6B,GOSR1
RAB6B,TUBB2B
RAB6B,SACM1L
RAB6B,MTG1
RAB6B,RRAGB
RAB6B,TMEM30A
RAB6B,NAA30
RAB6B,NAA35
RAB6B,SCYL1
RAB6B,YKT6
RAB6B,SCFD1
RAB6B,VPS29
RAB6B,SNX30
RAB6B,ENSG00000206286
RAB6B,PQLC1
RAB6B,RAB11B
RAB6B,SFT2D3
RAB6B,STX10
RAB6B,CNIH4
RAB6B,CTDNEP1
RAB6B,SNX8
RAB6B,VPS53
RAB6B,YIF1A
RAB6B,YIF1B
RAB6B,PEMT
RAB6B,PGAP3
RAB6B,RQCD1
RAB6B,ATP6V1F
RAB6B,COG6
RAB6B,BECN1
RAB6B,UNC50
RAB6B,VPS26B
RAB6B,WIPF1
RAB6B,ATP6V1G1
RAB6B,CLCN5
RAB6B,ARFRP1
RAB6B,SLC9A6
RAB6B,TBC1D8
RAB6B,UBE2G2
RAB6B,VPS41
RAB6B,DBR1
RAB6B,GOLPH3L
LSS,SC5D
LSS,CYP3A43
LSS,CYP3A5
LSS,CYP4F2
LSS,SQLE
SC5D,SEC63
SC5D,HSD17B12
SC5D,TMEM30A
SC5D,WASL
SC5D,VPS29
SC5D,ENSG00000206286
SC5D,PEMT
SC5D,SCD
SC5D,FDFT1
SC5D,VPS26B
CYP3A43,PINK1-AS
CYP3A43,ENTPD6
CYP3A43,MON2
CYP3A43,TMED10
CYP3A43,PEMT
CYP3A43,SQLE
CYP3A43,ATP8A1
CYP3A5,PINK1-AS
CYP3A5,ENTPD6
CYP3A5,MON2
CYP3A5,TMED10
CYP3A5,PEMT
CYP3A5,SQLE
CYP3A5,ATP8A1
CYP4F2,PINK1-AS
CYP4F2,ENTPD6
CYP4F2,MON2
CYP4F2,TMED10
CYP4F2,PEMT
CYP4F2,SQLE
CYP4F2,ATP8A1
VPS11,PINK1-AS
VPS11,RAB7A
VPS11,HIP1R
VPS11,VPS18
VPS11,MON1A
VPS11,VTI1A
VPS11,YKT6
VPS11,VPS16
VPS11,VPS33A
VPS11,STX6
VPS11,VPS41
VPS11,ZFYVE20
LYRM4,NDUFAB1
NDUFAB1,TMED10
NDUFAB1,TVP23B
PLIN3,RAB9A
PLIN3,IGF2R
GGA3,TMEM30A
GGA3,PACS1
GGA3,RABEP1
GGA3,SYNRG
GGA3,IGF2R
PINK1-AS,SEC63
PINK1-AS,MAGT1
PINK1-AS,AP3S1
PINK1-AS,ENTPD6
PINK1-AS,ALG10B
PINK1-AS,ALG8
PINK1-AS,ALG9
PINK1-AS,ENSG00000198641
PINK1-AS,RER1
PINK1-AS,HSD17B12
PINK1-AS,SURF4
PINK1-AS,ALG12
PINK1-AS,VPS18
PINK1-AS,ALG1
PINK1-AS,GOSR1
PINK1-AS,TMED10
PINK1-AS,TVP23B
PINK1-AS,PQLC1
PINK1-AS,VPS33A
PINK1-AS,FAXDC2
PINK1-AS,STT3B
PINK1-AS,ELOVL5
PINK1-AS,PEMT
PINK1-AS,ALG6
PINK1-AS,PIGG
PINK1-AS,PIGC
PINK1-AS,COG6
PINK1-AS,DAD1
PINK1-AS,CLCN5
PINK1-AS,SEC22A
PINK1-AS,ARFRP1
PINK1-AS,UBE2G2
SEC63,SEC62
SEC63,NPLOC4
SEC63,SACM1L
SEC63,SLC35G1
SEC63,SLC36A1
SEC63,TMEM30A
SEC63,PEMT
SEC63,DNAJC5
SEC63,PIGC
SEC63,SIGMAR1
SEC63,UBE2G2
SEC63,ATP8A1
RUSC2,RAB1A
RUSC2,SRPR
SRPRB,SACM1L
SRPRB,SLC35G1
SRPRB,SLC36A1
SRPRB,FAXDC2
SRPRB,ELOVL6
SRPRB,PIGC
SRPRB,SRPR
SRPRB,UBE2G2
MAGT1,AP3S1
MAGT1,ENTPD6
MAGT1,ALG10B
MAGT1,ALG8
MAGT1,ALG9
MAGT1,ENSG00000198641
MAGT1,POMT2
MAGT1,RER1
MAGT1,ALG12
MAGT1,STT3B
MAGT1,PEMT
MAGT1,ALG6
MAGT1,PGAP3
MAGT1,PIGG
MAGT1,DAD1
MAGT1,ARFRP1
MAGT1,TRAPPC6B
AP3S1,TRAPPC2
AP3S1,GOSR1
AP3S1,SMAP1
AP3S1,ENSG00000213764
AP3S1,ENSG00000206286
AP3S1,PIGG
AP3S1,COG6
AP3S1,ARFRP1
AP3S1,SLC30A3
AP3S1,AP3S2
AP3S1,AP3B2
AP3S1,ATP8A1
ENTPD6,ALG8
ENTPD6,ENSG00000198641
ENTPD6,TRAPPC2
ENTPD6,MON2
ENTPD6,GOSR1
ENTPD6,SMAP1
ENTPD6,ENSG00000213764
ENTPD6,ENSG00000206286
ENTPD6,CYB5R1
ENTPD6,PIGG
ENTPD6,COG6
ENTPD6,ENTPD7
ENTPD6,CLCN5
ENTPD6,ARFRP1
ENTPD6,SLC35C2
ENTPD6,ATP8A1
ALG10B,PEMT
ALG8,GOSR1
ALG8,FAXDC2
ALG8,CYB5R1
ALG8,PEMT
ALG8,ALG6
ALG8,PGAP3
ALG8,PIGG
ALG8,SCD
ALG9,ALG12
ALG9,UBE2G2
ENSG00000198641,TM9SF4
ENSG00000198641,RER1
ENSG00000198641,MON2
ENSG00000198641,GOSR1
ENSG00000198641,TMEM87B
ENSG00000198641,SACM1L
ENSG00000198641,SLC35G1
ENSG00000198641,ENSG00000206286
ENSG00000198641,FAXDC2
ENSG00000198641,CNIH4
ENSG00000198641,CTDNEP1
ENSG00000198641,CYB5R1
ENSG00000198641,PEMT
ENSG00000198641,PIGG
ENSG00000198641,COG6
ENSG00000198641,TMEM63A
ENSG00000198641,ENTPD7
ENSG00000198641,SEC11A
ENSG00000198641,ARFRP1
ENSG00000198641,SLC35C2
ENSG00000198641,TMEM64
ENSG00000198641,TOMM70A
POMT2,HSD17B12
POMT2,MON2
POMT2,TMED10
POMT2,ENSG00000206286
POMT2,PQLC1
POMT2,FAXDC2
POMT2,CWH43
POMT2,CYB5R1
POMT2,ALG6
POMT2,PGAP3
POMT2,PIGG
MAN1B1,TM9SF4
MAN1B1,PCSK7
MAN1B1,RER1
TM9SF4,HSD17B12
TM9SF4,SLC35G1
TM9SF4,STX12
TM9SF4,SFT2D3
TM9SF4,PPAPDC1B
TM9SF4,TMEM110
PCSK7,TRAPPC2
PCSK7,SRPK2
PCSK7,SLC35D3
PCSK7,ENSG00000213764
PCSK7,ATP6V0B
PCSK7,SEC14L4
PCSK7,SEC14L5
PCSK7,FAXDC2
PCSK7,PIGC
PCSK7,WIPF1
PCSK7,ARFRP1
PCSK7,VPS41
RER1,GOSR1
RER1,ENSG00000206286
RER1,PEMT
RER1,FAF2
RER1,COG6
HSD17B12,ENSG00000136112
HSD17B12,ALG1
HSD17B12,SACM1L
HSD17B12,SLC35G1
HSD17B12,SLC36A1
HSD17B12,EPT1
HSD17B12,SLC7A14
HSD17B12,SLC7A4
HSD17B12,ATP6V0B
HSD17B12,ABCG2
HSD17B12,STX10
HSD17B12,FAXDC2
HSD17B12,ELOVL5
HSD17B12,ELOVL6
HSD17B12,PIGC
HSD17B12,SCD
HSD17B12,TMEM63A
HSD17B12,SEC11A
HSD17B12,SLC13A4
HSD17B12,SLC24A6
WDFY3,ENSG00000215697
WDFY3,ATG3
WDFY3,MAP1LC3B
WDFY3,ATG4B
WDFY3,ATG7
WDFY3,RABGEF1
WDFY3,BBS1
WDFY3,GGPS1
ENSG00000215697,ATG3
ENSG00000215697,MAP1LC3B
ENSG00000215697,ATG7
ENSG00000215697,ENSG00000185957
ATG3,MAP1LC3B
ATG3,ATG4B
ATG3,ATG7
ATG3,GABARAPL1
MAP1LC3B,UPF2
MAP1LC3B,ATG4B
MAP1LC3B,ATG7
UPF2,SMG1
UPF2,DCP1A
UPF2,UPF3A
UPF2,UPF3B
UPF2,UBE2G2
ATG4B,ATG7
ATG4B,TUBB2B
ATG4B,GABARAPL1
ATG4B,ENSG00000185957
ATG7,GABARAPL1
RAB7A,RAB1A
RAB7A,HIP1R
RAB7A,NAPA
RAB7A,VPS18
RAB7A,MON1A
RAB7A,WASL
RAB7A,YIPF2
RAB7A,YIPF1
RAB7A,VTI1A
RAB7A,RAB11B
RAB7A,VPS16
RAB7A,VPS33A
RAB7A,YIF1A
RAB7A,YIF1B
RAB7A,WIPF1
ZDHHC17,NAPA
ZDHHC17,SPATA13
ZDHHC17,ARFGAP1
ZDHHC17,VTI1A
ZDHHC17,YKT6
ZDHHC17,STX12
ZDHHC17,SPHK2
TATDN1,DDI2
CHMP3,CNOT6
CHMP3,CHMP2A
CHMP3,UBE2G2
ARHGAP21,TUBB2B
ARHGAP21,WASL
ARHGAP21,WIPF1
PIGT,TAMM41
PIGT,GPAA1
PIGT,PIGF
PIGT,TMEM87B
PIGT,PIGO
PIGT,UPF3A
PIGT,PGAP1
PIGT,PIGG
PIGT,PIGC
PIGT,PIGS
PIGT,PIGU
RAB1A,TRAPPC2
RAB1A,MICALL1
RAB1A,ENSG00000213764
RAB1A,MTMR8
RAB1A,YIPF2
RAB1A,YIPF1
RAB1A,SCFD1
RAB1A,STX12
RAB1A,COG4
RAB1A,UBE2J2
RAB1A,RAB11B
RAB1A,SEC14L4
RAB1A,SEC14L5
RAB1A,TRAPPC3
RAB1A,TRAPPC1
RAB1A,YIF1A
RAB1A,YIF1B
RAB1A,CHML
RAB1A,SNAP23
RAB1A,SEC22A
RAB1A,TRAPPC6B
RAB1A,SLC16A8
RAB1A,TRAPPC10
RAB1A,UBE2G2
RAB1A,CYB5B
RAB1A,BET1
RAB1A,DPY30
CTU2,TUBB2B
CTU2,SLC13A4
CTU2,ATP7B
CTU2,UBE2G2
CNOT2,TAMM41
CNOT2,MON2
CNOT2,TUBB2B
CNOT2,CNOT6
CNOT2,RQCD1
CNOT2,CHMP2A
CNOT2,ARL6IP1
METTL2B,ENSG00000136112
METTL2B,SRPK2
METTL2B,TUBB2B
TRAPPC2,MON2
TRAPPC2,GOSR1
TRAPPC2,TMED10
TRAPPC2,ENSG00000213764
TRAPPC2,SACM1L
TRAPPC2,PQLC1
TRAPPC2,TRAPPC5
TRAPPC2,FAXDC2
TRAPPC2,CNIH4
TRAPPC2,TRAPPC3
TRAPPC2,TRAPPC1
TRAPPC2,HTATIP2
TRAPPC2,ELOVL5
TRAPPC2,PGAP3
TRAPPC2,COG6
TRAPPC2,TRAPPC4
TRAPPC2,CLCN5
TRAPPC2,ARFRP1
TRAPPC2,TRAPPC6B
TRAPPC2,SLC35C2
TRAPPC2,TMEM97
TRAPPC2,TRAPPC10
TRAPPC2,ATP8A1
TRAPPC2,CLIC2
FHL1,ENTHD1
FHL1,FZR1
COG8,COG4
COG8,COG1
COG8,COG6
COG8,COG5
COG8,COG7
MCUR1,SURF4
MCUR1,TUBB2B
MCUR1,UBE2G2
SURF4,GOSR1
SURF4,TMED10
SURF4,TUBB2B
SURF4,SLC35G1
SURF4,SLC36A1
SURF4,ATP6V0B
SURF4,PQLC1
SURF4,PIGC
SURF4,ENTPD7
HIP1R,VPS18
HIP1R,TUBB2B
HIP1R,WASL
HIP1R,ARFGAP1
HIP1R,STX12
HIP1R,SNX30
HIP1R,ENSG00000206286
HIP1R,VPS16
HIP1R,VPS33A
HIP1R,ENTHD1
HIP1R,TRUB2
HIP1R,VPS53
HIP1R,PICALM
HIP1R,VPS26B
HIP1R,ZFYVE20
HIP1R,ATP8A1
HIP1R,CLTB
TAMM41,TBC1D8
MDP1,TUBB2B
RAB25,RAB11FIP2
RAB25,D2HGDH
RAB25,RAB11FIP3
NAPA,VPS18
NAPA,MON1A
NAPA,GOSR1
NAPA,SACM1L
NAPA,GOSR2
NAPA,COX17P1
NAPA,VTI1A
NAPA,YKT6
NAPA,SCFD1
NAPA,STX12
NAPA,STX10
NAPA,TRAPPC3
NAPA,GABARAPL1
NAPA,SNAP23
NAPA,SEC22A
NAPA,BET1
USP30,RHOT1
USP30,TUBB2B
USP30,UBE2G2
CBWD5,TUBB2B
CBWD5,CNIH4
CBWD5,TTC39B
CBWD5,TTC39A
CBWD5,UBE2G2
TOMM22,TOMM7
TOMM22,TOMM70A
METTL18,SEC14L4
METTL18,SEC14L5
RHOT1,CTSD
RHOT1,DHDH
UCKL1,NPLOC4
UCKL1,TUBB2B
METTL2A,ENSG00000136112
METTL2A,SRPK2
METTL2A,TUBB2B
ENSG00000136112,ALG1
ENSG00000136112,TUBB2B
ENSG00000136112,ELOVL5
ENSG00000136112,PIGC
ENSG00000136112,TANC1
ENSG00000136112,UBE2G2
SRPK2,HSD17B4
SRPK2,SEC22A
SRPK2,ZCCHC7
MFI2,DERL2
DERL2,NPLOC4
DERL2,CYB5R1
DERL2,ARFRP1
SNX5,WASL
GPAA1,ATP6V0A1
GPAA1,PIGF
GPAA1,PIGO
GPAA1,GPI
GPAA1,PGAP1
GPAA1,ATP6V1F
GPAA1,PIGS
GPAA1,PIGU
GPAA1,ATP6V1G1
GPAA1,ATP8A1
ATP6V0A1,TUBB2B
ATP6V0A1,ATP6V0B
ATP6V0A1,SCYL1
ATP6V0A1,GPI
ATP6V0A1,SYT6
ATP6V0A1,ATP6V1F
ATP6V0A1,ATP6V1G1
ATP6V0A1,ATP8A1
ALG12,TUBB2B
ALG12,GPI
PRKAG2,ATP5H
PRKAG2,PEMT
PRKAG2,COQ5
VAPA,GOSR1
VAPA,SACM1L
VAPA,MTMR8
VAPA,OSBP
VAPA,CYB5R1
VAPA,SPHK1
VAPA,UBE2G2
VAPA,ATP8A1
VPS18,MON1A
VPS18,VTI1A
VPS18,YKT6
VPS18,STX12
VPS18,VPS16
VPS18,VPS33A
VPS18,STX6
VPS18,VPS41
VPS18,ZFYVE20
PIGF,PIGO
PIGF,PIGG
PIGF,PIGB
PIGF,PIGS
PIGF,PIGU
NARFL,NUBP2
MOB1B,CNOT6
MOB1B,FZR1
ALG1,SLC35G1
ALG1,ATP6V0B
ALG1,ELOVL5
ALG1,PIGC
ALG1,CPA1
ALG1,CPA2
ALG1,TMEM63A
ALG1,SLC24A6
ALG1,hsa-mir-940
SEC62,SACM1L
SEC62,DNAJC5
MON1A,RRAGB
MON1A,VTI1A
MON1A,VPS33A
MON2,GOSR1
MON2,SEL1L
MON2,SLC35D3
MON2,SMAP1
MON2,RASA4
MON2,TMED10
MON2,TMEM87B
MON2,ENSG00000213764
MON2,TUBB2B
MON2,SACM1L
MON2,CNOT6
MON2,PEMT
MON2,PGAP3
MON2,COG6
MON2,SEC22A
MON2,ARFRP1
MON2,UBE2G2
GOSR1,SLC35D3
GOSR1,ENSG00000213764
GOSR1,OSBP
GOSR1,GOSR2
GOSR1,VTI1A
GOSR1,YKT6
GOSR1,SCFD1
GOSR1,STX12
GOSR1,PQLC1
GOSR1,SEC14L4
GOSR1,SEC14L5
GOSR1,SFT2D3
GOSR1,CNIH4
GOSR1,ALG6
GOSR1,PIGG
GOSR1,COG6
GOSR1,SASH3
GOSR1,SEC22A
GOSR1,ARFRP1
GOSR1,FMO1
GOSR1,UBE2G2
GOSR1,BET1
SEL1L,NPLOC4
SEL1L,SLC25A34
SEL1L,UFD1L
SEL1L,PEMT
SEL1L,SEC22A
SEL1L,UBE2G2
SLC35D3,CNIH4
SLC35D3,COG6
SMAP1,ARFGAP1
SMAP1,OSBP
SMAP1,ATP8A1
RASA4,TMEM87B
RASA4,TUBB2B
RASA4,OVGP1
RASA4,CRAMP1L
RASA4,HN1L
RASA4,APMAP
TMED10,ENSG00000213764
TMED10,TUBB2B
TMED10,CNIH4
TMED10,PIGB
TMED10,SCD
TMED10,SEC11A
TMED10,UBE2G2
TMEM87B,TUBB2B
TMEM87B,SNX8
TMEM87B,PIGS
TMEM87B,PPAPDC1B
ENSG00000213764,SACM1L
ENSG00000213764,PQLC1
ENSG00000213764,TRAPPC5
ENSG00000213764,FAXDC2
ENSG00000213764,CNIH4
ENSG00000213764,TRAPPC3
ENSG00000213764,TRAPPC1
ENSG00000213764,HTATIP2
ENSG00000213764,ELOVL5
ENSG00000213764,PGAP3
ENSG00000213764,COG6
ENSG00000213764,TRAPPC4
ENSG00000213764,CLCN5
ENSG00000213764,ARFRP1
ENSG00000213764,TRAPPC6B
ENSG00000213764,SLC35C2
ENSG00000213764,TMEM97
ENSG00000213764,TRAPPC10
ENSG00000213764,ATP8A1
ENSG00000213764,CLIC2
PDSS1,UBE2G2
SLC11A2,PGAP3
NPLOC4,TUBB2B
NPLOC4,UFD1L
NPLOC4,UBE4B
NPLOC4,ANKZF1
NPLOC4,PDK4
NPLOC4,SCD
NPLOC4,UBE2G2
NPLOC4,UBXN1
NPLOC4,UBXN7
NPLOC4,ZFAND1
GBF1,RAB11B
GBF1,PFN4
GBF1,UNC50
MRPL11,CERS5
MRPL11,MRPL34
MRPL34,COG6
C7orf25,HEXDC
C7orf25,FRA10AC1
C7orf25,FZR1
TUBB2B,SLC25A34
TUBB2B,ATP5H
TUBB2B,CDC16
TUBB2B,CNOT6
TUBB2B,AFG3L2
TUBB2B,DCP1A
TUBB2B,YKT6
TUBB2B,COG4
TUBB2B,RABEPK
TUBB2B,CDC27
TUBB2B,SNX30
TUBB2B,FPGS
TUBB2B,PQLC1
TUBB2B,GPI
TUBB2B,SYT6
TUBB2B,VPS33A
TUBB2B,NPRL2
TUBB2B,FAXDC2
TUBB2B,CBWD1
TUBB2B,CBWD2
TUBB2B,CBWD6
TUBB2B,SNX8
TUBB2B,PDCL2
TUBB2B,ABHD4
TUBB2B,PIGG
TUBB2B,RQCD1
TUBB2B,COG6
TUBB2B,PIGS
TUBB2B,SCD
TUBB2B,SQLE
TUBB2B,CHCHD4
TUBB2B,SFXN5
TUBB2B,ENSG00000179801
TUBB2B,WIPF1
TUBB2B,TUBG2
TUBB2B,RWDD1
TUBB2B,SLC13A4
TUBB2B,SLC25A29
TUBB2B,SLC35F5
TUBB2B,CTSD
TUBB2B,DHDH
TUBB2B,DRG2
TUBB2B,CBWD3
TUBB2B,ABCG8
TUBB2B,CRLS1
TUBB2B,DHDDS
SACM1L,SLC25A34
SACM1L,CNOT6
SACM1L,OSBP
SACM1L,PQLC1
SACM1L,SEC14L4
SACM1L,SEC14L5
SACM1L,FAXDC2
SACM1L,CTDNEP1
SACM1L,ELOVL5
SACM1L,PEMT
SACM1L,ALG6
SACM1L,PIGG
SACM1L,COG6
SACM1L,SNAP23
SACM1L,ARFRP1
SLC25A34,ATP5H
SLC25A34,SCD
SLC25A34,CHCHD4
SLC35G1,FAXDC2
SLC35G1,ELOVL5
SLC35G1,PIGC
SLC35G1,ENTPD7
SLC35G1,SLC35B4
SLC36A1,ELOVL5
SLC36A1,ELOVL6
SLC36A1,PIGC
SLC36A1,CHCHD4
EPT1,ELOVL5
EPT1,PEMT
ATP5H,CNOT6
ATP5H,TIMM44
ATP5H,SCFD1
ATP5H,SCD
ATP5H,CHCHD4
SCO1,COX17P1
SCO1,COX15
SCO1,UBE2G2
MTG1,ARFIP1
MTG1,CTSD
SLC7A14,ELOVL5
SLC7A14,UBE2G2
SLC7A4,ELOVL5
SLC7A4,UBE2G2
MTMR8,OSBPL5
MTMR8,ZSCAN5A
MTO1,TMX3
RRAGB,RRAGC
RRAGB,MUC17
RRAGB,ATP6V1F
RRAGB,PTPLA
RRAGB,BLMH
RRAGB,ATP6V1G1
RRAGB,RRAGD
RRAGC,RRAGA
SMG1,UPF3A
SPATA13,ENTHD1
SPATA13,ZCCHC7
MUC17,GPI
STATH,OVGP1
CDC16,AFG3L2
CDC16,CDC27
CDC16,HTATIP2
CDC16,ANAPC11
CDC16,FZR1
CDC16,ANAPC4
CNOT6,DCP1A
CNOT6,ARFGAP1
CNOT6,ENSG00000206286
CNOT6,VPS33A
CNOT6,VPS53
CNOT6,RQCD1
CNOT6,BECN1
CNOT6,USP39
CNOT6,CHMP2A
CNOT6,YARS2
CNOT6,SIGMAR1
CNOT6,SLC9A6
CNOT6,ZFYVE20
CNOT6,PTRH1
AFG3L2,GPI
TMEM30A,ARFGAP1
TMEM30A,RAB11B
TMEM30A,PEMT
TMEM30A,UBE2G2
TMEM30A,ATP8A1
ENSG00000205918,SGK2
WASL,PFN4
WASL,ENTHD1
WASL,D2HGDH
WASL,WIPF1
RAB11FIP2,RAB11B
ATP6V0B,ATP6V1F
ATP6V0B,ATP6V1G1
NAA30,IDI1
NAA30,NAA35
NAA30,HN1L
NAA35,GFM2
NAA35,TANC1
GFM2,HINT1
GFM2,POR
DCP1A,UPF3A
DCP1A,UPF3B
ABCG2,PEMT
ARFGAP1,YIPF2
ARFGAP1,YIPF1
ARFGAP1,SNX30
ARFGAP1,RAB11B
ARFGAP1,SEC14L4
ARFGAP1,SEC14L5
ARFGAP1,MOSPD2
ARFGAP1,TRAPPC6B
ARFGAP1,SGK2
ARFGAP1,TMEM64
ARFGAP1,ATP8A1
COX11,CNIH4
COX11,COX15
COX11,FAM86A
OSBP,CWH43
OSBP,CYB5R1
OSBP,OSBPL5
OSBP,SCD
OSBP,SIGMAR1
OSBP,ATP8A1
PIGO,PIGG
PIGO,PIGB
PIGO,PIGS
PIGO,PIGU
TIMM44,FAF2
TIMM44,DNAJC19
TIMM44,CORO7-PAM16
TIMM44,TIMM17B
TIMM44,TIMM17A
TIMM44,ABCG8
YIPF2,STX12
YIPF2,TVP23B
YIPF2,RAB11B
YIPF2,SNX3
YIPF2,YIPF6
UBE3D,UBE2G2
UBE3D,DDI2
YIPF1,STX12
YIPF1,TVP23B
YIPF1,RAB11B
YIPF1,SNX3
GOSR2,SASH3
GOSR2,FMO1
GOSR2,BET1
COX17P1,CHCHD4
VTI1A,YKT6
VTI1A,SCFD1
VTI1A,STX12
VTI1A,STX10
VTI1A,VPS16
VTI1A,VPS33A
VTI1A,STX6
VTI1A,SEC22A
VTI1A,VPS41
VTI1A,BET1
YKT6,SCFD1
YKT6,STX12
YKT6,STX10
YKT6,VPS16
YKT6,VPS33A
YKT6,SEC22A
YKT6,VPS41
YKT6,BET1
SCFD1,COG4
SCFD1,STX10
SCFD1,TRAPPC3
SCFD1,VPS53
SCFD1,BLMH
SCFD1,SEC22A
SCFD1,BET1
STX12,RAB11B
STX12,SFT2D3
STX12,STX10
STX12,VPS33A
STX12,STX6
STX12,SNAP23
STX12,SEC22A
STX12,ZFYVE20
EDEM1,PEMT
EDEM1,ACER3
EDEM1,VPS26B
EDEM1,FMO6P
NCAPD2,TTC25
NPC2,DHDDS
COG4,COG1
COG4,COG6
COG4,COG5
COG4,COG7
UFD1L,UBE4B
UFD1L,ANKZF1
UFD1L,ATP6V1G1
UFD1L,UBE2G2
UFD1L,UBXN1
UFD1L,UBXN7
UFD1L,ZFAND1
RABEPK,RAB9A
NUBP1,NUBP2
CDC27,HTATIP2
CDC27,ANAPC11
CDC27,FZR1
CDC27,ANAPC4
CDC27,FBXO5
UBE2J2,PQLC1
UBE2J2,SPHK2
UBE2J2,TMEM97
UBE2J2,UBE2G2
VPS29,ANKZF1
VPS29,CHCHD4
VPS29,VPS26B
VPS29,FRA10AC1
VPS29,VPS26A
TMEM134,TANC1
SNX30,COG6
SNX30,TRAPPC10
GLTSCR2,FZR1
GLTSCR2,ZCCHC7
GLTSCR2,ZFYVE20
GLTSCR2,ATP8A1
ENSG00000206286,STX10
ENSG00000206286,CTDNEP1
ENSG00000206286,VPS53
ENSG00000206286,PIGG
ENSG00000206286,COG6
ENSG00000206286,CLCN5
ENSG00000206286,TRAPPC6B
ENSG00000206286,SVOPL
RAB11B,SEC14L4
RAB11B,SEC14L5
RAB11B,TRAPPC3
RAB11B,YIF1A
RAB11B,YIF1B
RAB11B,CHMP2A
RAB11B,RAB11FIP3
RAB11B,UNC50
RAB11B,TRAPPC6B
RAB11B,TBC1D8
RAB11B,TRAPPC10
RAB11B,ATP8A1
SEC14L4,SEC14L5
SEC14L4,MOSPD2
SEC14L4,ARFRP1
SEC14L4,TRAPPC6B
SEC14L4,TRAPPC10
SEC14L5,MOSPD2
SEC14L5,ARFRP1
SEC14L5,TRAPPC6B
SEC14L5,TRAPPC10
SFT2D3,GOLT1B
SFT2D3,COG6
STX10,VPS53
STX10,DDI2
TRAPPC5,TRAPPC3
TRAPPC5,TRAPPC1
TRAPPC5,TRAPPC4
TRAPPC5,TRAPPC6B
TRAPPC5,TRAPPC10
GPI,ATP6V1F
GPI,ENSG00000179801
GPI,ATP6V1G1
GPI,SLC35F5
GPI,DHDH
GPI,ADCK2
GPI,ATP8A1
SYT6,ATP8A1
VPS16,VPS33A
VPS16,STX6
VPS16,UBE2G2
VPS16,VPS41
VPS16,ZFYVE20
VPS33A,VPS41
VPS33A,ZFYVE20
UBE4B,ANKZF1
UBE4B,TRUB2
UBE4B,UBXN1
UBE4B,UBXN7
UBE4B,ZFAND1
ANKZF1,UBXN1
ANKZF1,UBXN7
ANKZF1,ZFAND1
FAXDC2,ELOVL5
FAXDC2,PEMT
FAXDC2,ELOVL6
FAXDC2,PIGC
FAXDC2,COG6
FAXDC2,SGPP2
FAXDC2,SGPP1
FAXDC2,SIGMAR1
FAXDC2,SPHK2
FAXDC2,SLC35B4
CNIH4,GOLT1B
CNIH4,CTDNEP1
CNIH4,CYB5R1
CNIH4,PEMT
CNIH4,PGAP3
CNIH4,COG6
CNIH4,SEC22A
CNIH4,ARFRP1
CNIH4,ATP8A1
GOLT1B,COG6
GOLT1B,SEC22A
GOLT1B,SGK2
PFN4,D2HGDH
PFN4,WIPF1
PFN4,SNAP23
TRAPPC3,TRAPPC1
TRAPPC3,TRAPPC4
TRAPPC3,SEC22A
TRAPPC3,TRAPPC6B
TRAPPC3,TRAPPC10
TRAPPC3,BET1
TRAPPC1,TRAPPC4
TRAPPC1,SEC22A
TRAPPC1,ARFRP1
TRAPPC1,TRAPPC6B
TRAPPC1,TRAPPC10
TRAPPC1,BET1
CTDNEP1,PEMT
CTDNEP1,COG6
CTDNEP1,ARFRP1
CTDNEP1,ATP8A1
STT3B,DAD1
COG1,COG6
COG1,PIGS
COG1,COG5
COG1,COG7
CBWD1,TTC39B
CBWD1,TTC39A
CBWD1,UBE2G2
CBWD2,TTC39B
CBWD2,TTC39A
CBWD2,UBE2G2
CBWD6,TTC39B
CBWD6,TTC39A
CBWD6,UBE2G2
GABARAPL1,SEC22A
GABARAPL1,SLC25A20
GABARAPL1,BET1
CWH43,ATP8A1
CYB5R1,ELOVL5
CYB5R1,PEMT
CYB5R1,FAF2
CYB5R1,PGAP3
CYB5R1,PIGG
CYB5R1,FMO6P
OSBPL5,ENTHD1
ENTHD1,ASMTL
HCCS,COX15
PACS1,IGF2R
TRUB2,C9orf78
HECTD2,WIPF1
HECTD2,ZCCHC7
UPF3A,UPF3B
UPF3A,IFITM2
ZNF259,UBE2G2
SNX3,YIF1A
SNX3,YIF1B
SNX3,STX11
CRAMP1L,SLC25A20
ELOVL5,ELOVL6
ELOVL5,PIGC
ELOVL5,SCD
ELOVL5,PTPLA
ELOVL5,SEC11A
ELOVL5,SIGMAR1
ELOVL5,SLC9A6
PDCL2,ENSG00000179801
PDCL2,UBE2G2
PDK4,YIF1A
PDK4,YIF1B
PDK4,ALG6
PDK4,UBE2G2
PDK4,ZSCAN5A
YIF1A,UBE2G2
YIF1B,UBE2G2
PEMT,ALG6
PEMT,EMC1
PEMT,EMC4
PEMT,FAF2
PEMT,DNAJC5
PEMT,ELOVL6
PEMT,PGAP3
PEMT,PIGG
PEMT,COG6
PEMT,SCD
PEMT,WIPF1
PEMT,ARFRP1
PEMT,FMO6P
PEMT,UBE2G2
ALG6,PGAP3
ALG6,PIGG
ALG6,ARFRP1
EMC1,ELOVL6
EMC4,PTPLA
DNAJC5,PTPLA
ELOVL6,PIGC
TIMM9,CHCHD4
TIMM9,TIMM10B
TIMM9,TIMM22
TIMM9,TIMM8A
D2HGDH,WIPF1
PGAP1,PIGS
PGAP1,PIGU
PGAP3,PIGG
PIGG,PIGC
PIGG,COG6
PIGG,PIGS
PIGG,PIGU
PIGG,SEC22A
RQCD1,WIPF1
RQCD1,SEC22A
ATP6V1F,CHMP2A
ATP6V1F,BLMH
ATP6V1F,ATP6V1G1
ATP6V1F,ATP8A1
TREH,BCAT1
TREH,TUBG2
PIGA,PIGP
PIGA,PIGC
PIGA,DPM2
PIGA,PIGQ
PIGA,PIGH
PIGA,PIGL
PIGP,PIGC
PIGP,DPM2
PIGP,PIGQ
PIGP,PIGH
PIGP,PIGL
PIGC,AQP3
PIGC,DPM2
PIGC,PIGQ
PIGC,PIGH
PIGC,SLC16A12
PIGC,PIGL
PIGC,UBE2G2
DPM2,PIGQ
DPM2,PIGH
DPM2,PIGL
DPM2,DPM3
PIGQ,PIGH
PIGQ,PIGL
PIGH,PIGL
COG6,PIGS
COG6,SEC22A
COG6,ARFRP1
COG6,SLMAP
COG6,COG5
COG6,UBE2G2
COG6,COG7
PIGS,PIGU
PIGS,SEC22A
PIGL,UBE2G2
SCD,CHCHD4
SCD,PTPLA
SCD,SEC11A
SCD,SIGMAR1
SCD,UBE2G2
HINT1,POR
WDR45,TRMT5
WDR45,UBE2G2
WDR45,FIG4
PITRM1,CPA1
PITRM1,CPA2
PITRM1,YME1L1
YME1L1,UBE2G2
TTI1,UBE2G2
SQLE,FDFT1
SQLE,SIGMAR1
DNAJC19,CORO7-PAM16
DNAJC19,TIMM17B
DAD1,TUBG2
DAD1,ARFRP1
TTC39B,CBWD3
DTD1,UBE2G2
POR,UBE2G2
ACER3,SGPP2
ACER3,SGPP1
ACER3,SPHK1
ACER3,ARFRP1
ACER3,SPHK2
ACER3,UBE2G2
SGPP2,SGPP1
SGPP2,SPHK1
SGPP2,PTPLA
SGPP2,SIGMAR1
SGPP2,SPHK2
SGPP1,SPHK1
SGPP1,PTPLA
SGPP1,SIGMAR1
SGPP1,SPHK2
SPHK1,SPHK2
PPAPDC1B,TMEM64
CHCHD4,VPS26B
TOMM34,RAB11FIP3
ENSG00000167774,ELAC2
ENSG00000167774,TANC1
ENSG00000167774,STARD9
COQ5,UBE2G2
HEXDC,RILPL2
HEXDC,GDPD2
HEXDC,ADPRHL2
HERPUD1,STARD9
FDFT1,ARL6IP1
PTPLA,CHMP2A
CHMP2A,HDDC2
STX6,SNAP23
UNC50,ARFRP1
RABEP1,RAB4A
RABEP1,AP1G2
RABEP1,RABGEF1
RAB4A,RUFY1
RAB4A,RABGEF1
RAB4A,ZFYVE20
VPS26B,GOLPH3L
RRAGA,RRAGD
ENTPD7,SIGMAR1
AP1G2,RABGEF1
AP1G2,SYNRG
CORO7-PAM16,TIMM17B
TRIT1,ENSG00000179801
TRIT1,UBE2G2
BLMH,ATP6V1G1
RDH5,RLBP1
RHCG,UBE2G2
ENSG00000179801,TMEM256
ENSG00000179801,DHDH
ENSG00000179801,APOM
SEC11A,SLC9A6
SLC47A1,UBE2G2
TRAPPC4,TRAPPC6B
TRAPPC4,TRAPPC10
WIPF1,SEC22A
ATP6V1G1,TRAPPC6B
ATP6V1G1,ATP8A1
ATAD1,HN1L
CLCN5,ATP8A1
TUBG2,TUBGCP3
FRA10AC1,GDPD2
FRA10AC1,ADPRHL2
FRA10AC1,ENSG00000117600
ANAPC11,FZR1
ANAPC11,ANAPC4
RWDD1,DRG2
HN1L,SLC25A20
HN1L,RABL3
SASH3,FMO1
SASH3,TANC1
SASH3,BET1
SLC9A7,SCAMP2
SCAMP2,SCAMP3
SCAMP2,SNAP23
SIGMAR1,UBXN1
SNAP23,SEC22A
SNAP23,STX11
SNAP23,DDI2
SEC22A,ARFRP1
SEC22A,TRAPPC6B
SEC22A,BET1
ARFRP1,UBE2G2
ARFRP1,IMPACT
TRAPPC6B,TRAPPC10
TRAPPC6B,ATP8A1
SGK2,GOLPH3L
FZR1,ANAPC4
FZR1,FBXO5
SLC13A4,ATP7B
ATP7B,ATP7A
ATP7B,ATOX1
SLC9A6,CTNS
SLC9A6,UBE2G2
TTC25,ARMC4
CTSD,TCP11L2
CTSD,IGF2R
CTSD,DHDH
CTSD,UBE2G2
ST8SIA2,ENSG00000206359
ST8SIA2,C6orf15
FMO1,BET1
COG5,COG7
TANC1,ANKRD13B
TBC1D8,TRAPPC10
TIMM10B,TIMM22
TMEM256,FAM45A
TRAPPC10,ABCG8
TTC39A,CBWD3
TUBGCP6,TUBGCP3
UBE2G2,ASMTL
UBE2G2,CBWD3
UBE2G2,CHCHD2
UBE2G2,CHCHD2P9
UBE2G2,HAO1
UBE2G2,UROS
UBE2G2,ENSG00000206269
UBE2G2,ENSG00000167807
UBE2G2,ENSG00000206378
UBXN1,UBXN7
UBXN1,ZFAND1
UBXN7,ZFAND1
ZFYVE20,RABL3
hsa-mir-940,FAM86A
CHRNB4,CHRNA3
CYB5B,ATP8A1
ABCG1,ABCG5
ABCG5,ABCG8
ARL6,ARL6IP1
ATP7A,ATOX1