,V1,V2
1,UBQLN4,ATXN1
2,UBQLN4,ENSG00000206313
3,UBQLN4,ENSG00000096155
4,UBQLN4,EDN1
5,UBQLN4,KLHL42
6,UBQLN4,WAC
7,UBQLN4,CCDC33
8,UBQLN4,HGS
9,UBQLN4,EFEMP2
10,UBQLN4,FZD7
11,UBQLN4,C19orf10
12,UBQLN4,SUPT20H
13,UBQLN4,C1orf94
14,UBQLN4,VIP
15,UBQLN4,MIF4GD
16,UBQLN4,BAG6
17,UBQLN4,NOMO1
18,UBQLN4,NOTCH2NL
19,UBQLN4,NPHP1
20,UBQLN4,NPPA
21,UBQLN4,PCDH17
22,UBQLN4,DMPK
23,UBQLN4,PTPRN
24,UBQLN4,GKAP1
25,UBQLN4,PTPRN2
26,UBQLN4,DAZAP2
27,UBQLN4,C11orf49
28,UBQLN4,SCG2
29,UBQLN4,SERPINI2
30,UBQLN4,ENSG00000215672
31,UBQLN4,SPINT1
32,UBQLN4,IMMT
33,UBQLN4,TFF1
34,UBQLN4,CDSN
35,UBQLN4,CCDC136
36,UBQLN4,ARL4C
37,UBQLN4,ENSG00000206460
38,UBQLN4,USMG5
39,UBQLN4,ZDHHC3
40,UBQLN4,ZNF205
41,UBQLN4,hsa-miR-940
42,UBQLN4,CCDC14
43,UBQLN4,COL8A1
44,UBQLN4,ADAM33
45,UBQLN4,ATPIF1
46,UBQLN4,C1QTNF1
47,UBQLN4,CD99
48,UBQLN4,CSTF2T
49,UBQLN4,ENSG00000137197
50,NINL,KAT7
51,NINL,EWSR1
52,NINL,GCC1
53,NINL,FAM107A
54,NINL,ZNF250
55,NINL,ZNF426
56,NINL,CCDC33
57,NINL,MBIP
58,NINL,MAD1L1
59,NINL,LZTS2
60,NINL,TCEANC
61,NINL,RIBC2
62,NINL,RCOR3
63,NINL,SPERT
64,NINL,DCTN5
65,NINL,TNNT1
66,NINL,AKAP17A
67,NINL,SYT17
68,NINL,TSPYL4
69,NINL,ZFC3H1
70,NINL,CCDC130
71,NINL,CCDC19
72,LNX1,DVL3
73,LNX1,DCTD
74,LNX1,COIL
75,LNX1,KRT15
76,LNX1,AIMP2
77,LNX1,KCTD13
78,LNX1,KCTD17
79,LNX1,KHDRBS3
80,LNX1,CEP72
81,LNX1,CCDC85B
82,LNX1,KLHL12
83,LNX1,KRTAP4-12
84,LNX1,TRIP13
85,LNX1,ENSG00000212908
86,LNX1,ENSG00000186852
87,LNX1,KXD1
88,LNX1,FHL3
89,LNX1,LDOC1
90,LNX1,CALCOCO2
91,LNX1,ZBTB43
92,LNX1,ZBTB8A
93,LNX1,LNX2
94,LNX1,MAGEA11
95,LNX1,NECAB2
96,LNX1,PCBD1
97,LNX1,RPIA
98,LNX1,CUTC
99,LNX1,RAD54B
100,LNX1,ENSG00000197065
101,LNX1,RBMXL1
102,LNX1,TSC22D4
103,LNX1,TRIM23
104,LNX1,TIFA
105,LNX1,ZBTB8B
106,LNX1,ENSG00000212660
107,LNX1,CXADR
108,LNX1,ENOX1
109,PDXDC1,PTP4A3
110,PDXDC1,PHLDA3
111,PDXDC1,NDUFA6
112,PDXDC1,GSTK1
113,INTU,PRICKLE3
114,INTU,VANGL1
115,INTU,CELSR1
116,INTU,DVL3
117,INTU,FZD1
118,INTU,PRICKLE2
119,PRICKLE3,VANGL1
120,PRICKLE3,DVL3
121,PRICKLE3,FZD1
122,PRICKLE3,FABP3
123,PRICKLE3,TTC7B
124,PRICKLE3,AVL9
125,PRICKLE3,FABP7
126,PRICKLE3,ENSG00000198767
127,PRICKLE3,FUZ
128,VANGL1,CELSR1
129,VANGL1,DVL3
130,VANGL1,FZD1
131,VANGL1,PRICKLE2
132,VANGL1,DVL2
133,VANGL1,PRICKLE1
134,VANGL1,hsa-miR-940
135,CELSR1,FZD1
136,CELSR1,DLL1
137,CELSR1,FUZ
138,DVL3,FZD1
139,DVL3,PRICKLE2
140,DVL3,GTPBP2
141,DVL3,CCNK
142,DVL3,DLL1
143,DVL3,NOTCH3
144,DVL3,ENSG00000112049
145,DVL3,KAT7
146,DVL3,KLHL12
147,DVL3,ZNF408
148,DVL3,FZD2
149,DVL3,FZD4
150,DVL3,FZD5
151,DVL3,FZD6
152,DVL3,LRP6
153,DVL3,FZD10
154,DVL3,FZD3
155,DVL3,FZD8
156,DVL3,FZD9
157,DVL3,FZD7
158,DVL3,MYO7A
159,DVL3,DPPA2
160,DVL3,MYL9
161,DVL3,NKD1
162,DVL3,NKD2
163,DVL3,NOTCH2
164,DVL3,DVL1
165,DVL3,WNT4
166,DVL3,LY6H
167,DVL3,APC2
168,DVL3,ZBTB48
169,DVL3,hsa-miR-940
170,DVL3,BAHD1
171,DVL3,CXXC4
172,DVL3,FRAT2
173,DVL3,FRAT1
174,FZD1,PRICKLE2
175,FZD1,DLL1
176,FZD1,LRP5
177,FZD1,LRP6
178,FZD1,FZD8
179,FZD1,WNT1
180,FZD1,MYO7A
181,FZD1,MYL9
182,FZD1,DVL2
183,FZD1,DVL1
184,FZD1,WNT4
185,FZD1,WNT10A
186,FZD1,WNT2
187,FZD1,WNT10B
188,FZD1,WNT7A
189,FZD1,WNT2B
190,FZD1,WNT9B
191,FZD1,WNT9A
192,FZD1,WNT5A
193,FZD1,SFRP1
194,FZD1,WNT6
195,FZD1,WNT5B
196,FZD1,SFRP2
197,FZD1,WNT7B
198,FZD1,WNT3
199,FZD1,WNT3A
200,FZD1,SFRP4
201,FZD1,SFRP5
202,FZD1,WNT11
203,FZD1,WNT8A
204,FZD1,WNT8B
205,FZD1,FUZ
206,PRICKLE2,FABP3
207,PRICKLE2,VANGL2
208,PRICKLE2,TTC7B
209,PRICKLE2,AVL9
210,PRICKLE2,FABP7
211,PRICKLE2,ENSG00000198767
212,PRICKLE2,FUZ
213,PTP4A3,XPO7
214,PTP4A3,KIAA1279
215,PTP4A3,CHP1
216,PTP4A3,KRT77
217,PTP4A3,HEATR2
218,PTP4A3,FANCI
219,PTP4A3,ABCD3
220,PTP4A3,DNAJC11
221,PTP4A3,UNC45A
222,PTP4A3,HSD17B11
223,PTP4A3,NCDN
224,PTP4A3,PTPLAD1
225,PTP4A3,NUBP2
226,PTP4A3,SSR1
227,PTP4A3,PRPSAP1
228,PTP4A3,SSR3
229,PTP4A3,RAB3GAP2
230,PTP4A3,RAB3GAP1
231,PTP4A3,UFL1
232,PTP4A3,HEATR3
233,PTP4A3,CNNM3
234,C20orf24,XPO7
235,C20orf24,FANCI
236,C20orf24,PHLDA3
237,C20orf24,ABCD3
238,C20orf24,MPC2
239,C20orf24,PTPLAD1
240,C20orf24,EHD4
241,C20orf24,ARMC6
242,C20orf24,TUBGCP4
243,C20orf24,SSR3
244,C20orf24,KRTCAP2
245,C20orf24,USMG5
246,C20orf24,FAR1
247,C20orf24,ANKRD6
248,XPO7,ILK
249,XPO7,TSC22D1
250,XPO7,BRF2
251,XPO7,GSTK1
252,XPO7,hsa-miR-940
253,ATXN1,TOLLIP
254,ATXN1,CCNK
255,ATXN1,COIL
256,ATXN1,RBFOX1
257,ATXN1,KLHL12
258,ATXN1,GCA
259,ATXN1,RAD54L2
260,ATXN1,RHOXF2
261,ATXN1,EFEMP2
262,ATXN1,RBPMS
263,ATXN1,PRRC2A
264,ATXN1,TCEANC
265,ATXN1,ENSG00000206318
266,ATXN1,ENSG00000206427
267,ATXN1,SUPT20H
268,ATXN1,C1orf94
269,ATXN1,METTL17
270,ATXN1,TCAP
271,ATXN1,NUMBL
272,ATXN1,TBC1D5
273,ATXN1,PIM2
274,ATXN1,PLEKHA5
275,ATXN1,DMPK
276,ATXN1,PRRC2B
277,ATXN1,RBFOX2
278,ATXN1,HSFX2
279,ATXN1,HSFX1
280,ATXN1,FAM46B
281,ATXN1,DAZAP2
282,ATXN1,GPATCH8
283,ATXN1,SIX5
284,ATXN1,FAM46A
285,ATXN1,TRIP6
286,ATXN1,CCDC136
287,ATXN1,ZBTB32
288,ATXN1,ZNF276
289,ATXN1,ZC3H10
290,ATXN1,ZC3H7B
291,ATXN1,hsa-miR-940
292,ATXN1,ZNF609
293,ATXN1,IL34
294,ATXN1,ZNF488
295,ATXN1,STAC2
296,ATXN1,KIAA2026
297,ATXN1,HPCAL1
298,ATXN1,UNK
299,ATXN1,USP54
300,ATXN1,ZSWIM8
301,ATXN1,BATF2
302,ATXN1,CIC
303,ATXN1,YY1AP1
304,ATXN1,FAM193B
305,IQCG,ENSG00000206313
306,IQCG,ENSG00000096155
307,IQCG,BAG6
308,ENSG00000206313,TSC22D1
309,ENSG00000206313,FAM173A
310,ENSG00000206313,ENSG00000105972
311,ENSG00000206313,ATN1
312,ENSG00000206313,EDN1
313,ENSG00000206313,MAGED1
314,ENSG00000206313,WRAP73
315,ENSG00000206313,KLHL12
316,ENSG00000206313,S100A4
317,ENSG00000206313,EFEMP2
318,ENSG00000206313,C19orf10
319,ENSG00000206313,RNF126
320,ENSG00000206313,UBL4A
321,ENSG00000206313,NBL1
322,ENSG00000206313,NDUFA6
323,ENSG00000206313,NOMO1
324,ENSG00000206313,CDK16
325,ENSG00000206313,PTPN12
326,ENSG00000206313,GLRA2
327,ENSG00000206313,PTH
328,ENSG00000206313,UBL7
329,ENSG00000206313,SGTA
330,ENSG00000206313,FAM46A
331,ENSG00000206313,IMMT
332,ENSG00000206313,ENSG00000129951
333,ENSG00000206313,TAC1
334,ENSG00000206313,DPT
335,ENSG00000206313,CTSE
336,ENSG00000206313,REG1B
337,ENSG00000096155,TSC22D1
338,ENSG00000096155,FAM173A
339,ENSG00000096155,ENSG00000105972
340,ENSG00000096155,ATN1
341,ENSG00000096155,EDN1
342,ENSG00000096155,MAGED1
343,ENSG00000096155,WRAP73
344,ENSG00000096155,KLHL12
345,ENSG00000096155,S100A4
346,ENSG00000096155,EFEMP2
347,ENSG00000096155,C19orf10
348,ENSG00000096155,RNF126
349,ENSG00000096155,UBL4A
350,ENSG00000096155,NBL1
351,ENSG00000096155,NDUFA6
352,ENSG00000096155,NOMO1
353,ENSG00000096155,CDK16
354,ENSG00000096155,PTPN12
355,ENSG00000096155,GLRA2
356,ENSG00000096155,PTH
357,ENSG00000096155,UBL7
358,ENSG00000096155,SGTA
359,ENSG00000096155,FAM46A
360,ENSG00000096155,IMMT
361,ENSG00000096155,ENSG00000129951
362,ENSG00000096155,TAC1
363,ENSG00000096155,DPT
364,ENSG00000096155,CTSE
365,ENSG00000096155,6-Mar
366,ENSG00000096155,REG1B
367,UBAC1,MYH2
368,UBAC1,DAZAP2
369,MDFI,ATN1
370,MDFI,EWSR1
371,MDFI,FAM188B
372,MDFI,KIAA0408
373,MDFI,DNPEP
374,MDFI,CCDC120
375,MDFI,SFI1
376,MDFI,CRY1
377,MDFI,C10orf62
378,MDFI,C1orf65
379,MDFI,CATSPER1
380,MDFI,HOXA1
381,MDFI,HOXB9
382,MDFI,FBXW5
383,MDFI,SPG7
384,MDFI,THAP7
385,MDFI,ZNF408
386,MDFI,ZNF417
387,MDFI,ZNF426
388,MDFI,ZNF581
389,MDFI,LMO3
390,MDFI,ZBTB25
391,MDFI,SLC35A2
392,MDFI,ATG12
393,MDFI,DKK1
394,MDFI,FZD9
395,MDFI,SLC9A1
396,MDFI,METTL17
397,MDFI,SERF2
398,MDFI,WDYHV1
399,MDFI,NPDC1
400,MDFI,OTX1
401,MDFI,SIX1
402,MDFI,ENKD1
403,MDFI,PGLS
404,MDFI,CCER1
405,MDFI,PVRL2
406,MDFI,FASTK
407,MDFI,RABL6
408,MDFI,AKAP17A
409,MDFI,ZBTB24
410,MDFI,THEG
411,MDFI,TMEM241
412,MDFI,FAM124B
413,MDFI,TRPV6
414,MDFI,CHIC2
415,MDFI,ZNF101
416,MDFI,ZNF205
417,MDFI,ZNF439
418,MDFI,ZNF440
419,MDFI,ZNF764
420,MDFI,BAHD1
421,MDFI,C8orf48
422,MDFI,CCDC116
423,MDFI,CNNM3
424,MDFI,CPSF3L
425,MDFI,EBI3
426,MDFI,FAM27E4
427,TOLLIP,RHOXF2
428,TOLLIP,RBPMS
429,TOLLIP,XRN2
430,TOLLIP,TOM1L1
431,TOLLIP,DAZAP2
432,QPRT,KRTAP4-12
433,QPRT,ENSG00000212908
434,QPRT,ENSG00000186852
435,QPRT,TESK1
436,QPRT,DMPK
437,QPRT,FASTK
438,QPRT,GRK7
439,QPRT,ENSG00000212660
440,GTPBP2,KCTD10
441,GTPBP2,KCTD5
442,GTPBP2,ABCD3
443,GTPBP2,RAB3IL1
444,CCNK,ENSG00000105972
445,CCNK,KCNRG
446,CCNK,CCDC85B
447,CCNK,7-Sep
448,CCNK,KRTAP4-12
449,CCNK,ENSG00000212908
450,CCNK,ENSG00000186852
451,CCNK,RHOXF2
452,CCNK,EFEMP2
453,CCNK,RBPMS
454,CCNK,CEP76
455,CCNK,USHBP1
456,CCNK,NCKIPSD
457,CCNK,NECAB2
458,CCNK,TSC22D4
459,CCNK,HMG20A
460,CCNK,ENSG00000212660
461,CCNK,HECA
462,CCNK,CDK18
463,CCNK,FKBP6
464,EML1,TRIO
465,EML1,hsa-miR-940
466,EDIL3,hsa-miR-940
467,DLL1,JAG1
468,DLL1,NCSTN
469,DLL1,NOTCH3
470,DLL1,PSEN2
471,DLL1,ENSG00000112049
472,DLL1,JAG2
473,DLL1,ADAM10
474,DLL1,APH1B
475,DLL1,DLL4
476,DLL1,PSEN1
477,DLL1,KEAP1
478,DLL1,MFNG
479,DLL1,NOTCH2
480,DLL1,POFUT1
481,DLL1,TRIO
482,DLL1,DLK1
483,ILK,EWSR1
484,ILK,KCTD5
485,ILK,PUF60
486,ILK,HEATR2
487,ILK,RPAP1
488,ILK,CCDC59
489,ILK,MTHFD1L
490,ILK,FANCI
491,ILK,MYO1D
492,ILK,UNC45A
493,ILK,PARVA
494,ILK,ARMC6
495,ILK,PRPSAP1
496,TSC22D1,RBFOX1
497,TSC22D1,ZW10
498,TSC22D1,NRBP1
499,TSC22D1,DHH
500,TSC22D1,HEATR2
501,TSC22D1,CCDC59
502,TSC22D1,MTHFD1L
503,TSC22D1,FANCI
504,TSC22D1,MAP3K12
505,TSC22D1,MYO1D
506,TSC22D1,MFN1
507,TSC22D1,BAG6
508,TSC22D1,TRIM9
509,TSC22D1,UCK2
510,TSC22D1,PTPLAD1
511,TSC22D1,EHD4
512,TSC22D1,GSTK1
513,TSC22D1,RB1CC1
514,TSC22D1,SLC25A10
515,TSC22D1,RGS1
516,TSC22D1,TSC22D4
517,TSC22D1,KRTCAP2
518,TSC22D1,TOR1AIP2
519,TSC22D1,USMG5
520,TSC22D1,VEPH1
521,TSC22D1,ENDOU
522,DCTD,NUDT18
523,DCTD,NIF3L1
524,DCTD,CEP76
525,STT3A,HJURP
526,JAG1,NCSTN
527,JAG1,NOTCH3
528,JAG1,PSEN2
529,JAG1,ENSG00000112049
530,JAG1,JAG2
531,JAG1,ADAM10
532,JAG1,APH1B
533,JAG1,DLL4
534,JAG1,PSEN1
535,JAG1,MFNG
536,JAG1,NOTCH2
537,JAG1,POFUT1
538,JAG1,hsa-miR-940
539,NCSTN,NOTCH3
540,NCSTN,PSEN2
541,NCSTN,ENSG00000112049
542,NCSTN,JAG2
543,NCSTN,ADAM10
544,NCSTN,APH1B
545,NCSTN,DLL4
546,NCSTN,PSEN1
547,NCSTN,NOTCH2
548,NCSTN,PSENEN
549,NCSTN,APH1A
550,NOTCH3,PSEN2
551,NOTCH3,JAG2
552,NOTCH3,ADAM10
553,NOTCH3,APH1B
554,NOTCH3,DLL4
555,NOTCH3,PSEN1
556,NOTCH3,LFNG
557,NOTCH3,ADAM17
558,NOTCH3,MFNG
559,NOTCH3,DVL2
560,NOTCH3,DTX3L
561,NOTCH3,DTX3
562,NOTCH3,DTX1
563,NOTCH3,NUMBL
564,NOTCH3,RBPJL
565,NOTCH3,DVL1
566,PSEN2,ENSG00000112049
567,PSEN2,JAG2
568,PSEN2,ADAM10
569,PSEN2,APH1B
570,PSEN2,DLL4
571,PSEN2,KCNIP3
572,PSEN2,KCNIP4
573,PSEN2,NOTCH2
574,PSEN2,PSENEN
575,PSEN2,SRI
576,PSEN2,APH1A
577,PSEN2,DOCK3
578,PSEN2,ICAM5
579,ENSG00000112049,JAG2
580,ENSG00000112049,ADAM10
581,ENSG00000112049,APH1B
582,ENSG00000112049,DLL4
583,ENSG00000112049,PSEN1
584,ENSG00000112049,LFNG
585,ENSG00000112049,ADAM17
586,ENSG00000112049,MFNG
587,ENSG00000112049,DVL2
588,ENSG00000112049,DTX3L
589,ENSG00000112049,DTX3
590,ENSG00000112049,DTX1
591,ENSG00000112049,NUMBL
592,ENSG00000112049,RBPJL
593,ENSG00000112049,DVL1
594,JAG2,ADAM10
595,JAG2,APH1B
596,JAG2,DLL4
597,JAG2,PSEN1
598,JAG2,ATN1
599,JAG2,GFI1B
600,JAG2,NOTCH2
601,JAG2,WNT4
602,ADAM10,APH1B
603,ADAM10,DLL4
604,ADAM10,PSEN1
605,ADAM10,NOTCH2
606,APH1B,DLL4
607,APH1B,PSEN1
608,APH1B,NOTCH2
609,DLL4,PSEN1
610,DLL4,NOTCH2
611,PSEN1,RERE
612,PSEN1,KCNIP3
613,PSEN1,MTCH1
614,PSEN1,NOTCH2
615,PSEN1,HERPUD1
616,PSEN1,PSENEN
617,PSEN1,SOX30
618,PSEN1,ERN1
619,PSEN1,ZNF335
620,PSEN1,APH1A
621,PSEN1,DOCK3
622,PSEN1,DPY30
623,PSEN1,ICAM5
624,COIL,FXR2
625,COIL,NUDT18
626,COIL,NIF3L1
627,COIL,GCC1
628,COIL,KLHL42
629,COIL,TCEB3B
630,COIL,ZBTB25
631,COIL,MAD1L1
632,COIL,CEP76
633,COIL,WDYHV1
634,COIL,TSPYL2
635,COIL,CCDC136
636,COIL,ZNF277
637,COIL,FAM115A
638,KRT15,NUDT18
639,KRT15,NIF3L1
640,KRT15,PCM1
641,KRT15,KIAA0408
642,KRT15,ABI3
643,KRT15,WAC
644,KRT15,ZC2HC1C
645,KRT15,CCDC120
646,KRT15,C10orf10
647,KRT15,KRT20
648,KRT15,ABI2
649,KRT15,AMOTL2
650,KRT15,ENSG00000180882
651,KRT15,KRT83
652,KRT15,KRT81
653,KRT15,KRT86
654,KRT15,C1orf65
655,KRT15,FAM107A
656,KRT15,LDOC1
657,KRT15,DGCR6L
658,KRT15,USHBP1
659,KRT15,C1orf216
660,KRT15,RIBC2
661,KRT15,RCOR3
662,KRT15,TCHP
663,KRT15,TUBGCP4
664,KRT15,RHPN1
665,KRT15,TXNDC11
666,KRT15,ZNF638
667,RAPSN,GORASP2
668,RAPSN,ABI2
669,RAPSN,RAB3IL1
670,RAPSN,USP6NL
671,RAPSN,SLC25A19
672,RAPSN,hsa-miR-940
673,RAPSN,CHRNB1
674,AIMP2,CEP170P1
675,AIMP2,LMO3
676,AIMP2,FHL3
677,AIMP2,PUF60
678,AIMP2,FUBP1
679,AIMP2,C19orf57
680,AIMP2,CWF19L2
681,FAM173A,BAG6
682,FAM173A,IMMT
683,HNRNPH3,GSTK1
684,HNRNPH3,PIM2
685,HNRNPH3,ANXA11
686,ENSG00000105972,MAGED1
687,ENSG00000105972,WRAP73
688,ENSG00000105972,BAG6
689,ENSG00000105972,PTMS
690,ENSG00000105972,PLSCR3
691,ENSG00000105972,SGTA
692,ATN1,RERE
693,ATN1,KAT7
694,ATN1,EWSR1
695,ATN1,GCC1
696,ATN1,RBFOX1
697,ATN1,PLSCR1
698,ATN1,KRT31
699,ATN1,KRTAP4-12
700,ATN1,ENSG00000212908
701,ATN1,ENSG00000186852
702,ATN1,RAD54L2
703,ATN1,LENG8
704,ATN1,RHOXF2
705,ATN1,EFEMP2
706,ATN1,RBPMS
707,ATN1,LYST
708,ATN1,PRRC2A
709,ATN1,ENSG00000206318
710,ATN1,ENSG00000206427
711,ATN1,MEGF6
712,ATN1,BAG6
713,ATN1,DVL2
714,ATN1,EFEMP1
715,ATN1,PLEKHA5
716,ATN1,DMPK
717,ATN1,PRRC2B
718,ATN1,RBFOX2
719,ATN1,ECM1
720,ATN1,EFCAB4B
721,ATN1,TRIP6
722,ATN1,ZNF862
723,ATN1,NELL1
724,ATN1,NELL2
725,ATN1,USP54
726,ATN1,ZSWIM8
727,ATN1,CENPJ
728,ATN1,FBLN5
729,RERE,KAT7
730,RERE,PLSCR1
731,RERE,KRTAP4-12
732,RERE,ENSG00000212908
733,RERE,ENSG00000186852
734,RERE,EFEMP2
735,RERE,PRRC2A
736,RERE,ENSG00000206318
737,RERE,ENSG00000206427
738,RERE,EFEMP1
739,RERE,EYA3
740,RERE,PRRC2B
741,RERE,RBFOX2
742,RERE,ECM1
743,RERE,TRIM22
744,RERE,ZNF608
745,RERE,TRIP6
746,RERE,hsa-miR-1254
747,RERE,EYA4
748,KAT7,KCTD13
749,KAT7,HOOK2
750,KAT7,ZNF165
751,KAT7,CALCOCO2
752,KAT7,POLB
753,KAT7,ZBTB8A
754,KAT7,CAAP1
755,KAT7,DDX11
756,KAT7,DDX12P
757,SNTG1,DTNB
758,KCND2,KCNIP4
759,KCND2,KCNIP2
760,KCND2,KIF17
761,KCND2,FLNC
762,KCND2,hsa-miR-940
763,KCNH1,hsa-miR-1254
764,KCNIP3,CD177
765,KCNIP4,KCNIP2
766,KCNK3,S100A10
767,KCNK3,hsa-miR-940
768,S100A10,ANXA7
769,S100A10,TRPV5
770,EWSR1,ELF3
771,EWSR1,KEL
772,EWSR1,KHDRBS2
773,EWSR1,TRIM37
774,EWSR1,ENSG00000137330
775,EWSR1,MRPS18B
776,EWSR1,PLSCR1
777,EWSR1,ZNF165
778,EWSR1,KXD1
779,EWSR1,RHOXF2
780,EWSR1,RALYL
781,EWSR1,PUF60
782,EWSR1,RBPMS
783,EWSR1,MAGEA11
784,EWSR1,NSUN4
785,EWSR1,TULP2
786,EWSR1,MTCP1
787,EWSR1,NDUFB1
788,EWSR1,ELAVL4
789,EWSR1,PRTFDC1
790,EWSR1,ARHGAP39
791,EWSR1,NPPB
792,EWSR1,PGLS
793,EWSR1,BCHE
794,EWSR1,POU4F1
795,EWSR1,DMRTB1
796,EWSR1,HERPUD1
797,EWSR1,ELAVL3
798,EWSR1,C19orf57
799,EWSR1,ENSG00000203624
800,EWSR1,RNF183
801,EWSR1,SALL2
802,EWSR1,SLC1A1
803,EWSR1,TRPV5
804,EWSR1,ZDHHC3
805,EWSR1,TMSB4Y
806,EWSR1,YY1AP1
807,EWSR1,CD177
808,EWSR1,CXADR
809,EWSR1,CEACAM5
810,EWSR1,FAM131C
811,EWSR1,GPBP1L1
812,EWSR1,HBP1
813,KCTD10,ANXA7
814,KCTD10,PLEKHF2
815,KCTD10,hsa-miR-940
816,KCTD13,NUDT18
817,KCTD13,VTA1
818,KCTD13,ZMYND19
819,KCTD15,REN
820,KCTD15,TRIM27
821,KCTD15,ENSG00000215641
822,KCTD15,ENSG00000112448
823,REN,PCSK1
824,KCNRG,FXR2
825,KCNRG,DGCR6L
826,FXR2,KCTD4
827,FXR2,CCDC85B
828,FXR2,TRIM37
829,FXR2,KRT20
830,FXR2,AMOTL2
831,FXR2,C10orf62
832,FXR2,KXD1
833,FXR2,CCDC33
834,FXR2,LDOC1
835,FXR2,CALCOCO2
836,FXR2,MBIP
837,FXR2,RALYL
838,FXR2,ZBTB8A
839,FXR2,RBPMS
840,FXR2,SSSCA1
841,FXR2,DPPA2
842,FXR2,NECAB2
843,FXR2,PCBD1
844,FXR2,THAP1
845,FXR2,RPIA
846,FXR2,TNNT1
847,FXR2,GKAP1
848,FXR2,RBMXL1
849,FXR2,TSC22D4
850,FXR2,ZBTB8B
851,ANXA7,HGS
852,ANXA7,SRI
853,PLEKHF2,CCDC85B
854,PLEKHF2,MBIP
855,PLEKHF2,TRIM9
856,PLEKHF2,ZNF263
857,PLEKHF2,PRPSAP1
858,PLEKHF2,SGTA
859,PLEKHF2,SPEF1
860,PLEKHF2,CHIC2
861,PLEKHF2,UBE2Z
862,PLEKHF2,GPBP1L1
863,KCTD17,NUDT18
864,KCTD17,RWDD4
865,KCTD17,FAM188B
866,KCTD17,NIF3L1
867,KCTD17,TUBGCP4
868,NUDT18,KHDRBS3
869,NUDT18,TRIM37
870,NUDT18,KRTAP4-12
871,NUDT18,ENSG00000212908
872,NUDT18,ENSG00000186852
873,NUDT18,KXD1
874,NUDT18,PCBD1
875,NUDT18,CUTC
876,NUDT18,RAB3IL1
877,NUDT18,ZBED1
878,NUDT18,TIFA
879,NUDT18,ENSG00000212660
880,TRIM27,ENSG00000215641
881,TRIM27,BEGAIN
882,TRIM27,PRAM1
883,TRIM27,MAGEA11
884,TRIM27,ENSG00000112448
885,TRIM27,GFI1B
886,TRIM27,TRIM23
887,TRIM27,MCOLN1
888,TRIM27,FBF1
889,ENSG00000215641,BEGAIN
890,ENSG00000215641,PRAM1
891,ENSG00000215641,MAGEA11
892,ENSG00000215641,ENSG00000112448
893,ENSG00000215641,GFI1B
894,ENSG00000215641,TRIM23
895,ENSG00000215641,MCOLN1
896,ENSG00000215641,FBF1
897,FAM188B,CCDC85B
898,FAM188B,KRTAP4-12
899,FAM188B,ENSG00000212908
900,FAM188B,ENSG00000186852
901,FAM188B,EFEMP2
902,FAM188B,TRIP6
903,FAM188B,ENSG00000212660
904,NIF3L1,CCDC85B
905,NIF3L1,TRIP13
906,NIF3L1,KXD1
907,NIF3L1,MAGEA11
908,NIF3L1,MAPRE2
909,NIF3L1,PCBD1
910,NIF3L1,PRTFDC1
911,NIF3L1,ARHGAP39
912,NIF3L1,BEND7
913,NIF3L1,RPIA
914,NIF3L1,CUTC
915,NIF3L1,DMRTB1
916,NIF3L1,ZBED1
917,NIF3L1,TSC22D4
918,NIF3L1,TIFA
919,NIF3L1,ENOX1
920,KCTD5,GORASP2
921,KCTD5,ELF3
922,KCTD5,RAB11FIP5
923,KCTD5,RAB3IL1
924,KCTD5,ANAPC11
925,KCTD5,TRIP6
926,KCTD5,FEM1B
927,KCTD5,hsa-miR-1254
928,GORASP2,ZBTB43
929,GORASP2,GYG1
930,GORASP2,MIF4GD
931,GORASP2,PRPS1
932,GORASP2,EPB41L5
933,GORASP2,PCBD1
934,GORASP2,RAD54B
935,GORASP2,ENSG00000197065
936,GORASP2,ABHD2
937,GORASP2,USP6NL
938,GORASP2,TSC22D4
939,GORASP2,4-Sep
940,GORASP2,B9D2
941,ELF3,KRT31
942,ELF3,KRT82
943,ELF3,SPG7
944,RAB11FIP5,NAPG
945,RAB11FIP5,hsa-miR-940
946,RAB11FIP5,DPY30
947,KEAP1,MYO7A
948,KEAP1,FAM46A
949,KHDRBS3,RBM7
950,KHDRBS3,YTHDC1
951,KHDRBS3,KHDRBS2
952,KHDRBS3,ZNF408
953,KHDRBS3,CCDC33
954,KHDRBS3,RBMXL1
955,KHDRBS3,RBMY1F
956,KHDRBS3,RBMY1HP
957,KHDRBS3,ENSG00000206011
958,KHDRBS3,BAHD1
959,KEL,EDN1
960,KEL,EDN3
961,EDN1,NPPC
962,EDN1,BAG6
963,EDN3,CTSE
964,RBM7,CCDC85B
965,RBM7,CLUAP1
966,RBM7,RBMXL1
967,RBM7,HMG20A
968,RBM7,ZCCHC8
969,YTHDC1,FAM96B
970,KHDRBS2,RBMXL1
971,DHX33,FUBP1
972,PCM1,CEP72
973,PCM1,ABI2
974,KIAA0408,CEP72
975,KIAA0408,HOOK2
976,KIAA0408,ABI3
977,KIAA0408,BEGAIN
978,KIAA0408,CARD9
979,KIAA0408,CCDC85B
980,KIAA0408,TEX11
981,KIAA0408,TRIM37
982,KIAA0408,MAGEA11
983,CEP72,ZNF417
984,HOOK2,FAM107A
985,HOOK2,ZNF250
986,HOOK2,CCDC33
987,HOOK2,RIBC2
988,HOOK2,ZNF638
989,ABI3,CEP170P1
990,BEGAIN,CATSPER1
991,BEGAIN,FAM107A
992,BEGAIN,ZNF250
993,BEGAIN,ZNF417
994,BEGAIN,HGS
995,BEGAIN,ENSG00000112448
996,BEGAIN,GFI1B
997,BEGAIN,RIBC2
998,BEGAIN,ENKD1
999,BEGAIN,DTNB
1000,BEGAIN,BAHD1
1001,CARD9,CCDC85B
1002,CCDC85B,GCC1
1003,CCDC85B,NEK6
1004,CCDC85B,TTC14
1005,CCDC85B,C19orf25
1006,CCDC85B,ZC2HC1C
1007,CCDC85B,CCDC120
1008,CCDC85B,C10orf10
1009,CCDC85B,KRT20
1010,CCDC85B,PRC1
1011,CCDC85B,C1orf65
1012,CCDC85B,FAM107A
1013,CCDC85B,THAP7
1014,CCDC85B,S100A4
1015,CCDC85B,ZNF165
1016,CCDC85B,ZNF250
1017,CCDC85B,ZNF417
1018,CCDC85B,ZNF426
1019,CCDC85B,CCDC33
1020,CCDC85B,LMO3
1021,CCDC85B,LDOC1
1022,CCDC85B,FAM208B
1023,CCDC85B,MBIP
1024,CCDC85B,RALYL
1025,CCDC85B,C7orf50
1026,CCDC85B,LZTS2
1027,CCDC85B,BEX2
1028,CCDC85B,TCEANC
1029,CCDC85B,ZFP36
1030,CCDC85B,GFI1B
1031,CCDC85B,RIBC2
1032,CCDC85B,TCHP
1033,CCDC85B,GPANK1
1034,CCDC85B,SIX1
1035,CCDC85B,ENKD1
1036,CCDC85B,TUBGCP4
1037,CCDC85B,TNNI1
1038,CCDC85B,TNNT1
1039,CCDC85B,RBM41
1040,CCDC85B,AKAP17A
1041,CCDC85B,SETD5
1042,CCDC85B,ZBTB5
1043,CCDC85B,SYT17
1044,CCDC85B,FBF1
1045,CCDC85B,CCDC11
1046,CCDC85B,CCDC112
1047,CCDC85B,FAM124B
1048,CCDC85B,DTNB
1049,CCDC85B,TSPYL4
1050,CCDC85B,ZFC3H1
1051,CCDC85B,ZNF205
1052,CCDC85B,ZNF638
1053,CCDC85B,ZNF764
1054,CCDC85B,ZNF821
1055,CCDC85B,C21orf91
1056,CCDC85B,ALS2CR11
1057,CCDC85B,C20orf195
1058,CCDC85B,C8orf48
1059,CCDC85B,CCDC116
1060,CCDC85B,CCDC67
1061,CCDC85B,CDK18
1062,CCDC85B,FAM13C
1063,CCDC85B,FAM27E4
1064,CCDC85B,IKZF5
1065,TEX11,MAD1L1
1066,TEX11,POM121
1067,TEX11,SNX7
1068,TEX11,RIBC2
1069,TEX11,NECAB2
1070,TEX11,TCHP
1071,TEX11,VIL1
1072,TEX11,TSC22D4
1073,TEX11,CCDC11
1074,TEX11,ALS2CR11
1075,TRIM37,PRC1
1076,TRIM37,FAM107A
1077,TRIM37,TCEB3B
1078,TRIM37,PNKP
1079,TRIM37,ZNF417
1080,TRIM37,RIBC2
1081,TRIM37,APTX
1082,TRIM37,RHPN1
1083,TRIM37,FAM124B
1084,GCC1,AMOTL2
1085,GCC1,USHBP1
1086,GCC1,FBF1
1087,KIAA1279,PLEKHF1
1088,KIAA1279,CEP76
1089,KIAA1279,GSTK1
1090,KIAA1279,SAP18
1091,KIAA1279,RGR
1092,KIAA1279,ZNF638
1093,KIAA1279,HBP1
1094,PLEKHF1,TNNT1
1095,MAGEA2B,HEATR2
1096,MAGEA2B,RPAP1
1097,MAGEA2B,EIF4G2
1098,MAGEA2B,ARMC6
1099,MAGEA2B,CCDC47
1100,MAGEA2B,RAB3GAP1
1101,MAGEA2B,IMMT
1102,MAGED1,RBFOX1
1103,MAGED1,HEATR2
1104,MAGED1,CCDC59
1105,MAGED1,MTHFD1L
1106,MAGED1,FANCI
1107,MAGED1,ROR2
1108,MAGED1,MPC1
1109,MAGED1,BAG6
1110,MAGED1,SIRT7
1111,NEK6,MTHFD1L
1112,NEK6,FANCI
1113,NEK6,NECAB2
1114,NEK6,UCK2
1115,NEK6,PTPLAD1
1116,WRAP73,PHYH
1117,WRAP73,MTHFD1L
1118,WRAP73,RTFDC1
1119,WRAP73,RNF219
1120,WRAP73,UNC45A
1121,WRAP73,BAG6
1122,WRAP73,ARMC6
1123,WRAP73,SSR3
1124,WRAP73,SPRR2B
1125,CHP1,SLC9A1
1126,CHP1,hsa-miR-940
1127,CHP1,STK17B
1128,KIF17,GFI1B
1129,KIF17,POP4
1130,DNPEP,KRT31
1131,DNPEP,KRT82
1132,DNPEP,ADAMTSL4
1133,RBFOX1,GCA
1134,RBFOX1,RHOXF2
1135,RBFOX1,LZTS2
1136,RBFOX1,PRRC2A
1137,RBFOX1,ENSG00000206318
1138,RBFOX1,ENSG00000206427
1139,RBFOX1,DVL2
1140,RBFOX1,NUMBL
1141,RBFOX1,CELF3
1142,RBFOX1,PCBP4
1143,RBFOX1,PLEKHA5
1144,RBFOX1,DMRTB1
1145,RBFOX1,QKI
1146,RBFOX1,RBM24
1147,RBFOX1,RBFOX2
1148,RBFOX1,HSFX2
1149,RBFOX1,HSFX1
1150,KLF3,hsa-miR-940
1151,KLF8,FHL3
1152,KLHDC3,TMX2
1153,KLHDC3,ENSG00000137330
1154,KLHDC3,MRPS18B
1155,KLHDC3,LRRC16A
1156,KLHDC3,ENSG00000203624
1157,TMX2,SLC25A19
1158,ENSG00000137330,ENSG00000206440
1159,ENSG00000137330,RTFDC1
1160,ENSG00000137330,ENSG00000168593
1161,MRPS18B,ENSG00000206440
1162,MRPS18B,RTFDC1
1163,MRPS18B,ENSG00000168593
1164,KLHL12,PEF1
1165,KLHL12,PRR13
1166,KLHL12,SNX20
1167,KLHL12,VTA1
1168,KLHL12,BAG6
1169,KLHL12,COL8A1
1170,PEF1,ALG2
1171,PEF1,CALCOCO2
1172,PEF1,C19orf57
1173,PEF1,DAZAP2
1174,PRR13,KRTAP4-12
1175,PRR13,ENSG00000212908
1176,PRR13,ENSG00000186852
1177,PRR13,SDCBP2
1178,PRR13,ENSG00000212660
1179,SNX20,MAGEA11
1180,VTA1,MBIP
1181,VTA1,SSSCA1
1182,VTA1,MAGEA11
1183,VTA1,DPPA2
1184,VTA1,NECAB2
1185,VTA1,RPIA
1186,VTA1,ZCCHC8
1187,KLHL42,USHBP1
1188,KMT2E,TTC14
1189,KNTC1,C19orf25
1190,KNTC1,ZW10
1191,KNTC1,RINT1
1192,KNTC1,ZWILCH
1193,C19orf25,ZW10
1194,C19orf25,CEP170P1
1195,C19orf25,C19orf57
1196,C19orf25,RINT1
1197,C19orf25,ZWILCH
1198,ZW10,PHLDA3
1199,ZW10,GSTK1
1200,ZW10,RINT1
1201,ZW10,STX18
1202,ZW10,ZWILCH
1203,C21orf2,MYO15A
1204,ALG2,SRI
1205,ALG2,ANXA11
1206,PLSCR1,C10orf10
1207,PLSCR1,KRTAP4-12
1208,PLSCR1,CDC42EP1
1209,PLSCR1,CRY1
1210,PLSCR1,DLK2
1211,PLSCR1,ENSG00000212908
1212,PLSCR1,ENSG00000186852
1213,PLSCR1,ADAMTSL4
1214,PLSCR1,C10orf62
1215,PLSCR1,HOXA1
1216,PLSCR1,FBXL18
1217,PLSCR1,SPG7
1218,PLSCR1,ZNF581
1219,PLSCR1,CCDC33
1220,PLSCR1,SLC35A2
1221,PLSCR1,EFEMP2
1222,PLSCR1,ATG12
1223,PLSCR1,CRIM1
1224,PLSCR1,NEU4
1225,PLSCR1,NPDC1
1226,PLSCR1,FABP3
1227,PLSCR1,NTN4
1228,PLSCR1,PCED1A
1229,PLSCR1,ENKD1
1230,PLSCR1,PGLS
1231,PLSCR1,BCHE
1232,PLSCR1,C10orf54
1233,PLSCR1,EXD3
1234,PLSCR1,CCER1
1235,PLSCR1,RASD1
1236,PLSCR1,PLSCR3
1237,PLSCR1,ENSG00000214358
1238,PLSCR1,DAZAP2
1239,PLSCR1,ANAPC11
1240,PLSCR1,SMCP
1241,PLSCR1,YIPF3
1242,PLSCR1,ENSG00000212660
1243,PLSCR1,ZNF638
1244,PLSCR1,ZNF764
1245,PLSCR1,ANXA11
1246,PLSCR1,CPSF3L
1247,PLSCR1,FAM103A1
1248,OVOL1,DCTN5
1249,OVOL1,WNT4
1250,7-Sep,MPC2
1251,7-Sep,CDC42EP5
1252,ZC2HC1C,KRT20
1253,ZC2HC1C,CALCOCO2
1254,CCDC120,CEP170P1
1255,CCDC120,USHBP1
1256,CCDC120,DAZAP2
1257,SFI1,RADIL
1258,C10orf10,USHBP1
1259,C10orf10,QKI
1260,KRT20,PRC1
1261,KRT20,ABI2
1262,KRT20,AMOTL2
1263,KRT20,ZC3H14
1264,KRT20,ENSG00000180882
1265,KRT20,C9orf16
1266,PRC1,LRRC4C
1267,PRC1,USHBP1
1268,ABI2,IFT20
1269,AMOTL2,MAD1L1
1270,KRT31,ATG12
1271,KRT31,PLEKHB2
1272,KRT34,PLEKHB2
1273,KRT77,ENSG00000134133
1274,KRT77,ENSG00000206440
1275,KRT77,ENSG00000168593
1276,KRT77,hsa-miR-940
1277,ENSG00000134133,KRT78
1278,ENSG00000206440,ENSG00000203624
1279,ENSG00000206440,CXorf56
1280,KRT83,KXD1
1281,KRT83,hsa-miR-940
1282,KRT81,KXD1
1283,KRT82,ATG12
1284,KRT82,PLEKHB2
1285,KRT86,KXD1
1286,KRTAP3-2,KRTAP4-12
1287,KRTAP3-2,TRIP13
1288,KRTAP3-2,ENSG00000212908
1289,KRTAP3-2,ENSG00000186852
1290,KRTAP3-2,ENSG00000212660
1291,KRTAP4-12,CDC42EP1
1292,KRTAP4-12,CRY1
1293,KRTAP4-12,DBF4B
1294,KRTAP4-12,DLK2
1295,KRTAP4-12,ENSG00000212908
1296,KRTAP4-12,ENSG00000186852
1297,KRTAP4-12,ADAMTSL4
1298,KRTAP4-12,C10orf62
1299,KRTAP4-12,C1orf65
1300,KRTAP4-12,CATSPER1
1301,KRTAP4-12,HOXA1
1302,KRTAP4-12,HOXB9
1303,KRTAP4-12,LINGO1
1304,KRTAP4-12,FAM107A
1305,KRTAP4-12,FAM76B
1306,KRTAP4-12,FBXL18
1307,KRTAP4-12,FBXW5
1308,KRTAP4-12,SPG7
1309,KRTAP4-12,TCEB3B
1310,KRTAP4-12,THAP10
1311,KRTAP4-12,THAP7
1312,KRTAP4-12,TOP3B
1313,KRTAP4-12,PNKP
1314,KRTAP4-12,S100A4
1315,KRTAP4-12,ZNF165
1316,KRTAP4-12,ZNF250
1317,KRTAP4-12,ZNF408
1318,KRTAP4-12,ZNF417
1319,KRTAP4-12,ZNF426
1320,KRTAP4-12,ZNF581
1321,KRTAP4-12,ENSG00000180576
1322,KRTAP4-12,ATG12
1323,KRTAP4-12,BEX2
1324,KRTAP4-12,MEOX2
1325,KRTAP4-12,NPDC1
1326,KRTAP4-12,OTX1
1327,KRTAP4-12,SLC25A10
1328,KRTAP4-12,SMCP
1329,KRTAP4-12,CHIC2
1330,KRTAP4-12,ZNF439
1331,KRTAP4-12,ENSG00000212660
1332,KRTAP4-12,ZNF440
1333,KRTAP4-12,ZNF638
1334,KRTAP4-12,ZNF764
1335,KRTAP4-12,COL8A1
1336,KRTAP4-12,BAHD1
1337,KRTAP4-12,CCDC116
1338,KRTAP4-12,CLDN2
1339,KRTAP4-12,CNNM3
1340,KRTAP4-12,FAM27E4
1341,CDC42EP1,ENSG00000212908
1342,CDC42EP1,ENSG00000186852
1343,CDC42EP1,FHL3
1344,CDC42EP1,RBPMS
1345,CDC42EP1,ENSG00000212660
1346,CRY1,ENSG00000212908
1347,CRY1,ENSG00000186852
1348,CRY1,ENSG00000212660
1349,DBF4B,ENSG00000212908
1350,DBF4B,ENSG00000186852
1351,DBF4B,ENSG00000212660
1352,DLK2,ENSG00000212908
1353,DLK2,ENSG00000186852
1354,DLK2,ADAMTSL4
1355,DLK2,ENSG00000212660
1356,TRIP13,ENSG00000180576
1357,TRIP13,RBPMS
1358,TRIP13,TEX37
1359,TRIP13,WDYHV1
1360,TRIP13,GPSM1
1361,TRIP13,PLSCR3
1362,TRIP13,STAMBPL1
1363,TRIP13,SMUG1
1364,TRIP13,ASB13
1365,TRIP13,CARD14
1366,TRIP13,SLC52A3
1367,TRIP13,CD99
1368,TRIP13,CPSF3L
1369,ENSG00000212908,ENSG00000186852
1370,ENSG00000212908,ADAMTSL4
1371,ENSG00000212908,C10orf62
1372,ENSG00000212908,C1orf65
1373,ENSG00000212908,CATSPER1
1374,ENSG00000212908,HOXA1
1375,ENSG00000212908,HOXB9
1376,ENSG00000212908,LINGO1
1377,ENSG00000212908,FAM107A
1378,ENSG00000212908,FAM76B
1379,ENSG00000212908,FBXL18
1380,ENSG00000212908,FBXW5
1381,ENSG00000212908,SPG7
1382,ENSG00000212908,TCEB3B
1383,ENSG00000212908,THAP10
1384,ENSG00000212908,THAP7
1385,ENSG00000212908,TOP3B
1386,ENSG00000212908,PNKP
1387,ENSG00000212908,S100A4
1388,ENSG00000212908,ZNF165
1389,ENSG00000212908,ZNF250
1390,ENSG00000212908,ZNF408
1391,ENSG00000212908,ZNF417
1392,ENSG00000212908,ZNF426
1393,ENSG00000212908,ZNF581
1394,ENSG00000212908,ENSG00000180576
1395,ENSG00000212908,ATG12
1396,ENSG00000212908,BEX2
1397,ENSG00000212908,MEOX2
1398,ENSG00000212908,NPDC1
1399,ENSG00000212908,OTX1
1400,ENSG00000212908,SLC25A10
1401,ENSG00000212908,SMCP
1402,ENSG00000212908,CHIC2
1403,ENSG00000212908,ZNF439
1404,ENSG00000212908,ENSG00000212660
1405,ENSG00000212908,ZNF440
1406,ENSG00000212908,ZNF638
1407,ENSG00000212908,ZNF764
1408,ENSG00000212908,COL8A1
1409,ENSG00000212908,BAHD1
1410,ENSG00000212908,CCDC116
1411,ENSG00000212908,CLDN2
1412,ENSG00000212908,CNNM3
1413,ENSG00000212908,FAM27E4
1414,ENSG00000186852,ADAMTSL4
1415,ENSG00000186852,C10orf62
1416,ENSG00000186852,C1orf65
1417,ENSG00000186852,CATSPER1
1418,ENSG00000186852,HOXA1
1419,ENSG00000186852,HOXB9
1420,ENSG00000186852,LINGO1
1421,ENSG00000186852,FAM107A
1422,ENSG00000186852,FAM76B
1423,ENSG00000186852,FBXL18
1424,ENSG00000186852,FBXW5
1425,ENSG00000186852,SPG7
1426,ENSG00000186852,TCEB3B
1427,ENSG00000186852,THAP10
1428,ENSG00000186852,THAP7
1429,ENSG00000186852,TOP3B
1430,ENSG00000186852,PNKP
1431,ENSG00000186852,S100A4
1432,ENSG00000186852,ZNF165
1433,ENSG00000186852,ZNF250
1434,ENSG00000186852,ZNF408
1435,ENSG00000186852,ZNF417
1436,ENSG00000186852,ZNF426
1437,ENSG00000186852,ZNF581
1438,ENSG00000186852,ENSG00000180576
1439,ENSG00000186852,ATG12
1440,ENSG00000186852,BEX2
1441,ENSG00000186852,MEOX2
1442,ENSG00000186852,NPDC1
1443,ENSG00000186852,OTX1
1444,ENSG00000186852,SLC25A10
1445,ENSG00000186852,SMCP
1446,ENSG00000186852,CHIC2
1447,ENSG00000186852,ZNF439
1448,ENSG00000186852,ENSG00000212660
1449,ENSG00000186852,ZNF440
1450,ENSG00000186852,ZNF638
1451,ENSG00000186852,ZNF764
1452,ENSG00000186852,COL8A1
1453,ENSG00000186852,BAHD1
1454,ENSG00000186852,CCDC116
1455,ENSG00000186852,CLDN2
1456,ENSG00000186852,CNNM3
1457,ENSG00000186852,FAM27E4
1458,ADAMTSL4,CATSPER1
1459,ADAMTSL4,FHL3
1460,ADAMTSL4,NTN4
1461,ADAMTSL4,ENSG00000212660
1462,ADAMTSL4,hsa-miR-940
1463,C1orf65,KXD1
1464,C1orf65,CALCOCO2
1465,C1orf65,LURAP1
1466,C1orf65,MAGEA11
1467,C1orf65,ENSG00000212660
1468,CATSPER1,EFEMP2
1469,CATSPER1,TRIP6
1470,CATSPER1,CHIC2
1471,CATSPER1,ENSG00000212660
1472,HOXA1,EFEMP2
1473,HOXA1,TRAPPC6A
1474,HOXA1,TRIP6
1475,HOXA1,CHIC2
1476,HOXA1,ENSG00000212660
1477,HOXB9,RBPMS
1478,HOXB9,ENSG00000212660
1479,LINGO1,EFEMP2
1480,LINGO1,ENSG00000212660
1481,LINGO1,hsa-miR-940
1482,FAM107A,LDOC1
1483,FAM107A,CALCOCO2
1484,FAM107A,EFEMP2
1485,FAM107A,USHBP1
1486,FAM107A,WDR47
1487,FAM107A,ENSG00000212660
1488,FAM107A,hsa-miR-940
1489,FBXL18,CALCOCO2
1490,FBXL18,hsa-miR-940
1491,FBXW5,ENSG00000212660
1492,SPG7,ENSG00000212660
1493,TCEB3B,ZNF165
1494,TCEB3B,KXD1
1495,TCEB3B,CALCOCO2
1496,TCEB3B,ZBTB43
1497,TCEB3B,DVL2
1498,TCEB3B,ENSG00000212660
1499,THAP10,ENSG00000212660
1500,THAP7,LURAP1
1501,THAP7,ENSG00000212660
1502,TOP3B,ZNF408
1503,TOP3B,CHIC2
1504,TOP3B,ENSG00000212660
1505,TOP3B,FBLN5
1506,PNKP,MYOZ1
1507,PNKP,NEIL1
1508,PNKP,POLB
1509,PNKP,XRCC1
1510,PNKP,MAGEA11
1511,PNKP,HEATR2
1512,PNKP,XRCC4
1513,PNKP,ENSG00000212660
1514,S100A4,BAG6
1515,S100A4,MYH2
1516,ZNF165,ZNF250
1517,ZNF165,FAM124A
1518,ZNF165,DVL2
1519,ZNF165,SCAND1
1520,ZNF165,ZNF446
1521,ZNF165,ENSG00000212660
1522,ZNF165,CCDC130
1523,ZNF250,LDOC1
1524,ZNF250,ZBTB8A
1525,ZNF250,DPPA2
1526,ZNF250,DVL2
1527,ZNF250,TRIM23
1528,ZNF250,ZBTB8B
1529,ZNF250,ENSG00000212660
1530,ZNF408,LDOC1
1531,ZNF408,CALCOCO2
1532,ZNF408,RALYL
1533,ZNF408,ZBTB8A
1534,ZNF408,UPF2
1535,ZNF408,THAP1
1536,ZNF408,PDLIM4
1537,ZNF408,CCDC136
1538,ZNF408,ZBTB8B
1539,ZNF408,ENSG00000212660
1540,ZNF417,ZBTB43
1541,ZNF417,ENSG00000212660
1542,ZNF426,CALCOCO2
1543,ZNF426,EFEMP2
1544,ZNF426,ENSG00000212660
1545,ZNF581,RBPMS
1546,ZNF581,LZTS2
1547,ZNF581,DAZAP2
1548,ZNF581,TRIM23
1549,ZNF581,ENSG00000212660
1550,ENSG00000180576,ENSG00000212660
1551,KXD1,CCDC33
1552,KXD1,CEP170P1
1553,KXD1,LMO3
1554,KXD1,CEP19
1555,KXD1,CEP63
1556,KXD1,IFT20
1557,KXD1,ZBTB25
1558,KXD1,RNF183
1559,CCDC33,HGS
1560,CCDC33,CALCOCO2
1561,CCDC33,ZBTB8A
1562,CCDC33,SSSCA1
1563,CCDC33,USHBP1
1564,CCDC33,NECAB2
1565,CCDC33,DVL2
1566,CCDC33,RAD54B
1567,CCDC33,ENSG00000197065
1568,CCDC33,RBMXL1
1569,CCDC33,TSC22D4
1570,CEP170P1,LMO3
1571,CEP170P1,RALYL
1572,CEP170P1,C1orf216
1573,CEP170P1,CENPO
1574,LMO3,MBIP
1575,LMO3,RALYL
1576,LMO3,ZBTB43
1577,LMO3,ZBTB8A
1578,CEP63,MBIP
1579,CEP63,USHBP1
1580,CEP63,CCDC14
1581,CEP63,CCNI
1582,IFT20,ATRIP
1583,IFT20,PTPN12
1584,IFT20,TREX1
1585,IFT20,FBF1
1586,TOM1L2,TRIO
1587,TOM1L2,hsa-miR-940
1588,FHL3,MZF1
1589,FHL3,PAK7
1590,FHL3,RBM42
1591,FHL3,TRIP6
1592,GCA,SRI
1593,PRAM1,ENSG00000112448
1594,MYOZ1,MAGEA11
1595,MYOZ1,FLNC
1596,MYOZ1,TCAP
1597,MYOZ3,FLNC
1598,MYOZ3,TCAP
1599,MYOZ3,hsa-miR-940
1600,RAD54L2,EYA3
1601,RAD54L2,FUBP1
1602,RAD54L2,ELAVL3
1603,RAD54L2,ACOT4
1604,RAD54L2,ACOT1
1605,RAD54L2,EYA4
1606,RAD54L2,ACOT2
1607,LDOC1,HGS
1608,LDOC1,DPPA4
1609,LDOC1,FAM208B
1610,LDOC1,MZF1
1611,LDOC1,IKZF5
1612,LDOC1,FAM193B
1613,HGS,LURAP1
1614,HGS,LYST
1615,HGS,GFI1B
1616,HGS,USHBP1
1617,HGS,MIF4GD
1618,HGS,TOM1L1
1619,HGS,TRIO
1620,HGS,GKAP1
1621,HGS,DAZAP2
1622,HGS,TTC7B
1623,DPPA4,DPPA2
1624,MZF1,SCAND1
1625,LENG8,RHOXF2
1626,LENG8,hsa-miR-940
1627,RHOXF2,EFEMP2
1628,RHOXF2,RBPMS
1629,RHOXF2,LZTS2
1630,RHOXF2,RADIL
1631,RHOXF2,SERF2
1632,RHOXF2,NEU4
1633,RHOXF2,DVL2
1634,RHOXF2,RBFOX2
1635,RHOXF2,RBM11
1636,RHOXF2,FAM46B
1637,RHOXF2,DAZAP2
1638,RHOXF2,FBF1
1639,RHOXF2,ZBTB32
1640,RHOXF2,CHAC1
1641,RHOXF2,FAM103A1
1642,LFNG,NOTCH2
1643,CALCOCO2,POLI
1644,CALCOCO2,ENKD1
1645,CALCOCO2,PTBP2
1646,CALCOCO2,FASTK
1647,CALCOCO2,RABL6
1648,CALCOCO2,RHPN1
1649,CALCOCO2,DAZAP2
1650,CALCOCO2,SRI
1651,CALCOCO2,FBF1
1652,CALCOCO2,ZNF101
1653,CALCOCO2,ZNF205
1654,CALCOCO2,ZNF638
1655,CALCOCO2,SYS1
1656,CALCOCO2,C20orf195
1657,LIG3,APLF
1658,LIG3,NEIL1
1659,LIG3,POLB
1660,LIG3,XRCC1
1661,APLF,XRCC1
1662,APLF,XRCC4
1663,NEIL1,POLB
1664,NEIL1,XRCC1
1665,POLB,XRCC1
1666,POLB,PARP2
1667,XRCC1,APTX
1668,XRCC1,PARP2
1669,RPP14,EXOSC8
1670,RPP14,POP4
1671,RPP14,POP5
1672,RPP14,RPP25
1673,RPP14,RPP38
1674,RPP14,RPP40
1675,EFEMP2,GFI1B
1676,EFEMP2,BAG6
1677,EFEMP2,RIBC2
1678,EFEMP2,ZNF263
1679,EFEMP2,SGTA
1680,EFEMP2,RHPN1
1681,EFEMP2,FAM124B
1682,EFEMP2,ZNF638
1683,EFEMP2,COL8A1
1684,EFEMP2,FAM115A
1685,EFEMP2,HBP1
1686,ATG12,CCDC59
1687,ATG12,RNMTL1
1688,ATG12,MOV10
1689,ATG12,EPB41L5
1690,ATG12,RB1CC1
1691,ATG12,POP7
1692,ATG12,ENSG00000212660
1693,CLUAP1,MAGEA11
1694,CLUAP1,TMEM87A
1695,CLUAP1,FKBP6
1696,MBIP,MAP3K12
1697,MBIP,DGCR6L
1698,RALYL,THAP1
1699,RALYL,RBM41
1700,ZBTB43,SIX1
1701,ZBTB8A,TRIM41
1702,ZBTB8A,DVL2
1703,ZBTB8A,ENSG00000204325
1704,ZBTB8A,ENSG00000188126
1705,ZBTB8A,ZBTB48
1706,ZBTB8A,ZNF276
1707,PUF60,RNMTL1
1708,PUF60,MOV10
1709,PUF60,MRPL39
1710,PUF60,IFRD1
1711,PUF60,IGF2BP3
1712,PUF60,CMBL
1713,PUF60,TXNRD2
1714,PUF60,CD101
1715,PUF60,GRINA
1716,MAD1L1,RIBC2
1717,MAD1L1,TUBGCP4
1718,MAD1L1,ENSG00000184902
1719,MAD1L1,FAM131C
1720,POM121,RBPMS
1721,POM121,GYG1
1722,POM121,TRIM23
1723,POM121,TRIP6
1724,LRG1,hsa-miR-940
1725,NRBP1,MLF1
1726,NRBP1,RIBC2
1727,NRBP1,TSC22D4
1728,NOS1AP,SYN3
1729,NOS1AP,EYA3
1730,NOS1AP,RASD1
1731,NOS1AP,PTPRN
1732,NOS1AP,hsa-miR-940
1733,NOS1AP,EYA4
1734,LRP3,hsa-miR-940
1735,LRP5,DKK1
1736,LRP5,FZD2
1737,LRP5,FZD4
1738,LRP5,FZD5
1739,LRP5,FZD6
1740,LRP5,DKK2
1741,LRP5,DKK4
1742,LRP5,FZD10
1743,LRP5,FZD3
1744,LRP5,FZD8
1745,LRP5,FZD9
1746,LRP5,FZD7
1747,DKK1,LRP6
1748,DKK1,KREMEN1
1749,FZD2,LRP6
1750,FZD2,WNT1
1751,FZD2,ROR2
1752,FZD2,DVL2
1753,FZD2,DVL1
1754,FZD2,WNT4
1755,FZD2,WNT10A
1756,FZD2,WNT2
1757,FZD2,WNT10B
1758,FZD2,WNT7A
1759,FZD2,WNT2B
1760,FZD2,WNT9B
1761,FZD2,WNT9A
1762,FZD2,WNT5A
1763,FZD2,SFRP1
1764,FZD2,WNT6
1765,FZD2,WNT5B
1766,FZD2,SFRP2
1767,FZD2,WNT7B
1768,FZD2,WNT3
1769,FZD2,WNT3A
1770,FZD2,SFRP4
1771,FZD2,SFRP5
1772,FZD2,WNT11
1773,FZD2,WNT8A
1774,FZD2,WNT8B
1775,FZD4,LRP6
1776,FZD4,WNT1
1777,FZD4,DVL2
1778,FZD4,DVL1
1779,FZD4,WNT4
1780,FZD4,WNT10A
1781,FZD4,WNT2
1782,FZD4,WNT10B
1783,FZD4,WNT7A
1784,FZD4,WNT2B
1785,FZD4,WNT9B
1786,FZD4,WNT9A
1787,FZD4,WNT5A
1788,FZD4,SFRP1
1789,FZD4,WNT6
1790,FZD4,WNT5B
1791,FZD4,SFRP2
1792,FZD4,WNT7B
1793,FZD4,WNT3
1794,FZD4,WNT3A
1795,FZD4,SFRP4
1796,FZD4,SFRP5
1797,FZD4,WNT11
1798,FZD4,WNT8A
1799,FZD4,WNT8B
1800,FZD5,LRP6
1801,FZD5,WNT1
1802,FZD5,ROR2
1803,FZD5,DVL2
1804,FZD5,DVL1
1805,FZD5,WNT4
1806,FZD5,WNT10A
1807,FZD5,WNT2
1808,FZD5,WNT10B
1809,FZD5,WNT7A
1810,FZD5,WNT2B
1811,FZD5,WNT9B
1812,FZD5,WNT9A
1813,FZD5,WNT5A
1814,FZD5,SFRP1
1815,FZD5,WNT6
1816,FZD5,WNT5B
1817,FZD5,SFRP2
1818,FZD5,WNT7B
1819,FZD5,WNT3
1820,FZD5,WNT3A
1821,FZD5,SFRP4
1822,FZD5,SFRP5
1823,FZD5,WNT11
1824,FZD5,WNT8A
1825,FZD5,WNT8B
1826,FZD6,LRP6
1827,FZD6,WNT1
1828,FZD6,DVL2
1829,FZD6,DVL1
1830,FZD6,WNT4
1831,FZD6,WNT10A
1832,FZD6,WNT2
1833,FZD6,WNT10B
1834,FZD6,WNT7A
1835,FZD6,WNT2B
1836,FZD6,WNT9B
1837,FZD6,WNT9A
1838,FZD6,WNT5A
1839,FZD6,SFRP1
1840,FZD6,WNT6
1841,FZD6,WNT5B
1842,FZD6,SFRP2
1843,FZD6,WNT7B
1844,FZD6,WNT3
1845,FZD6,WNT3A
1846,FZD6,SFRP4
1847,FZD6,SFRP5
1848,FZD6,WNT11
1849,FZD6,WNT8A
1850,FZD6,WNT8B
1851,DHH,GPC5
1852,DHH,SIX1
1853,DHH,WNT4
1854,DHH,PTCH2
1855,DHH,GAS1
1856,DHH,HHIP
1857,DHH,WIF1
1858,DHH,SLC35B2
1859,DHH,ENSG00000198767
1860,IHH,PTCH2
1861,IHH,GAS1
1862,IHH,HHIP
1863,SHH,PTCH2
1864,SHH,GAS1
1865,SHH,HHIP
1866,LRP6,DKK2
1867,LRP6,DKK4
1868,LRP6,FZD10
1869,LRP6,FZD3
1870,LRP6,FZD8
1871,LRP6,FZD9
1872,LRP6,FZD7
1873,LRP6,WNT1
1874,LRP6,WNT4
1875,LRP6,WNT3A
1876,FZD10,WNT1
1877,FZD10,DVL2
1878,FZD10,DVL1
1879,FZD10,WNT4
1880,FZD10,WNT10A
1881,FZD10,WNT2
1882,FZD10,WNT10B
1883,FZD10,WNT7A
1884,FZD10,WNT2B
1885,FZD10,WNT9B
1886,FZD10,WNT9A
1887,FZD10,WNT5A
1888,FZD10,SFRP1
1889,FZD10,WNT6
1890,FZD10,WNT5B
1891,FZD10,SFRP2
1892,FZD10,WNT7B
1893,FZD10,WNT3
1894,FZD10,WNT3A
1895,FZD10,SFRP4
1896,FZD10,SFRP5
1897,FZD10,WNT11
1898,FZD10,WNT8A
1899,FZD10,WNT8B
1900,FZD3,WNT1
1901,FZD3,DVL2
1902,FZD3,DVL1
1903,FZD3,WNT4
1904,FZD3,WNT10A
1905,FZD3,WNT2
1906,FZD3,WNT10B
1907,FZD3,WNT7A
1908,FZD3,WNT2B
1909,FZD3,WNT9B
1910,FZD3,WNT9A
1911,FZD3,WNT5A
1912,FZD3,SFRP1
1913,FZD3,WNT6
1914,FZD3,WNT5B
1915,FZD3,SFRP2
1916,FZD3,WNT7B
1917,FZD3,WNT3
1918,FZD3,WNT3A
1919,FZD3,SFRP4
1920,FZD3,SFRP5
1921,FZD3,WNT11
1922,FZD3,WNT8A
1923,FZD3,WNT8B
1924,FZD8,WNT1
1925,FZD8,GPC5
1926,FZD8,DVL2
1927,FZD8,DVL1
1928,FZD8,WNT4
1929,FZD8,WNT10A
1930,FZD8,WNT2
1931,FZD8,WNT10B
1932,FZD8,WNT7A
1933,FZD8,WNT2B
1934,FZD8,WNT9B
1935,FZD8,WNT9A
1936,FZD8,WNT5A
1937,FZD8,SFRP1
1938,FZD8,WNT6
1939,FZD8,WNT5B
1940,FZD8,SFRP2
1941,FZD8,WNT7B
1942,FZD8,WNT3
1943,FZD8,WNT3A
1944,FZD8,SFRP4
1945,FZD8,SFRP5
1946,FZD8,WNT11
1947,FZD8,WNT8A
1948,FZD8,WNT8B
1949,FZD9,WNT1
1950,FZD9,DVL2
1951,FZD9,DVL1
1952,FZD9,WNT4
1953,FZD9,WNT10A
1954,FZD9,WNT2
1955,FZD9,WNT10B
1956,FZD9,WNT7A
1957,FZD9,WNT2B
1958,FZD9,WNT9B
1959,FZD9,WNT9A
1960,FZD9,WNT5A
1961,FZD9,SFRP1
1962,FZD9,WNT6
1963,FZD9,WNT5B
1964,FZD9,SFRP2
1965,FZD9,WNT7B
1966,FZD9,WNT3
1967,FZD9,WNT3A
1968,FZD9,SFRP4
1969,FZD9,SFRP5
1970,FZD9,WNT11
1971,FZD9,WNT8A
1972,FZD9,WNT8B
1973,FZD7,WNT1
1974,FZD7,DVL2
1975,FZD7,DVL1
1976,FZD7,WNT4
1977,FZD7,WNT10A
1978,FZD7,WNT2
1979,FZD7,WNT10B
1980,FZD7,WNT7A
1981,FZD7,WNT2B
1982,FZD7,WNT9B
1983,FZD7,WNT9A
1984,FZD7,WNT5A
1985,FZD7,SFRP1
1986,FZD7,WNT6
1987,FZD7,WNT5B
1988,FZD7,SFRP2
1989,FZD7,WNT7B
1990,FZD7,WNT3
1991,FZD7,WNT3A
1992,FZD7,SFRP4
1993,FZD7,SFRP5
1994,FZD7,WNT11
1995,FZD7,WNT8A
1996,FZD7,WNT8B
1997,WNT1,PORCN
1998,WNT1,SFRP1
1999,WNT1,SFRP2
2000,WNT1,WNT3A
2001,WNT1,SFRP4
2002,WNT1,SFRP5
2003,WNT1,WIF1
2004,WNT1,CER1
2005,WNT1,hsa-miR-940
2006,RBPMS,LZTS2
2007,RBPMS,TEX37
2008,RBPMS,C1orf94
2009,RBPMS,SERF2
2010,RBPMS,NEU4
2011,RBPMS,DVL2
2012,RBPMS,OTX1
2013,RBPMS,PDLIM4
2014,RBPMS,ENKD1
2015,RBPMS,EYA3
2016,RBPMS,BCHE
2017,RBPMS,CCER1
2018,RBPMS,QKI
2019,RBPMS,ELAVL3
2020,RBPMS,RBM24
2021,RBPMS,RBFOX2
2022,RBPMS,FASTK
2023,RBPMS,RABL6
2024,RBPMS,PHF1
2025,RBPMS,DAZAP2
2026,RBPMS,SMUG1
2027,RBPMS,STRBP
2028,RBPMS,ZC3H10
2029,RBPMS,EYA2
2030,RBPMS,EYA4
2031,RBPMS,ARHGEF39
2032,RBPMS,CNNM3
2033,RBPMS,FAM103A1
2034,LRRC4C,DFNB31
2035,DFNB31,MYO7A
2036,DFNB31,MYO15A
2037,SSSCA1,ENSG00000204325
2038,SSSCA1,ENSG00000188126
2039,SSSCA1,TRAPPC6A
2040,SSSCA1,ALS2CR11
2041,SSSCA1,C20orf195
2042,SSSCA1,EIF3L
2043,ENSG00000157344,UPF2
2044,ENSG00000157344,ZFP36
2045,ENSG00000157344,MIF4GD
2046,ENSG00000157344,EXOSC8
2047,ENSG00000157344,RAB3GAP2
2048,ENSG00000157344,DNAJC30
2049,ENSG00000157344,DCP1B
2050,FAM96B,PHLDA3
2051,FAM96B,NARFL
2052,FAM96B,MPC1
2053,XRN2,UPF2
2054,XRN2,EXOSC8
2055,XRN2,MYO15A
2056,XRN2,EIF3L
2057,LURAP1,TCEANC
2058,LURAP1,CCDC112
2059,LURAP1,ZNF821
2060,LY6E,C19orf10
2061,C19orf10,BAG6
2062,LYST,CNTROB
2063,LYST,NCDN
2064,LYST,hsa-miR-940
2065,CNTROB,APTX
2066,LYPLAL1,MYO15A
2067,LYPLAL1,FEM1B
2068,BRF2,HEATR2
2069,BRF2,FANCI
2070,BRF2,ABCD3
2071,BRF2,RNF219
2072,BRF2,HSD17B11
2073,BRF2,PTPLAD1
2074,BRF2,SSR1
2075,BRF2,XPO4
2076,BRF2,SSR3
2077,BRF2,SMPD4
2078,LZTS2,PAK7
2079,LZTS2,GFI1B
2080,PAK7,CCDC59
2081,PAK7,MFN2
2082,PAK7,TUBGCP4
2083,PAK7,STIM2
2084,PAK7,WDFY2
2085,PAK7,STIM1
2086,PAK7,DCAF10
2087,ADAM17,NOTCH2
2088,PRRC2A,SSR3
2089,PRRC2A,IMMT
2090,MAGEA11,CEP76
2091,MAGEA11,BEX2
2092,MAGEA11,ENOX2
2093,MAGEA11,NSUN4
2094,MAGEA11,PHYH
2095,MAGEA11,PNKD
2096,MAGEA11,NDUFAF1
2097,MAGEA11,SNX7
2098,MAGEA11,TCEA2
2099,MAGEA11,TCEANC
2100,MAGEA11,RADIL
2101,MAGEA11,SH2D4A
2102,MAGEA11,ENSG00000112448
2103,MAGEA11,TEX37
2104,MAGEA11,TRIM51
2105,MAGEA11,MLF1
2106,MAGEA11,CCDC14
2107,CEP76,SALL2
2108,BEX2,ENSG00000212660
2109,ENOX2,MTX2
2110,ENOX2,ENOX1
2111,PHYH,ABCD3
2112,PHYH,TOM1L1
2113,PHYH,RNF167
2114,PNKD,hsa-miR-940
2115,NDUFAF1,MT-ND1
2116,NDUFAF1,NDUFA6
2117,NDUFAF1,NDUFB6
2118,NDUFAF1,NDUFS5
2119,NDUFAF1,NDUFS7
2120,TCEA2,WDR47
2121,TCEA2,DCAF10
2122,TCEA2,FBF1
2123,TCEA2,CAMKV
2124,TCEANC,RAD54B
2125,TCEANC,ENSG00000197065
2126,TCEANC,ZKSCAN7
2127,ENSG00000112448,GFI1B
2128,ENSG00000112448,TRIM23
2129,ENSG00000112448,MCOLN1
2130,ENSG00000112448,FBF1
2131,HEATR2,PHLDA3
2132,HEATR2,GSTK1
2133,HEATR2,SAP18
2134,EIF4G2,GSTK1
2135,CCDC59,RNF167
2136,MTHFD1L,PHLDA3
2137,MTHFD1L,ALDH1L1
2138,MTHFD1L,MTFMT
2139,MTHFD1L,AMT
2140,MTHFD1L,AFMID
2141,MTHFD1L,MTHFR
2142,MTHFD1L,MTHFS
2143,MTHFD1L,MTHFD2
2144,FANCI,GSTK1
2145,FANCI,hsa-miR-1254
2146,ROR2,WNT5A
2147,ENSG00000206318,SSR3
2148,ENSG00000206318,IMMT
2149,ENSG00000206427,SSR3
2150,ENSG00000206427,IMMT
2151,UPF2,ZFP36
2152,UPF2,EXOSC8
2153,UPF2,UPF3A
2154,UPF2,UPF3B
2155,UPF2,DCP1B
2156,MYO7A,MYL9
2157,MYO7A,USH1C
2158,MYO7A,MYRIP
2159,MYO7A,CDH23
2160,MAP3K12,RGS1
2161,MYO1D,PHLDA3
2162,MYO1D,hsa-miR-940
2163,RNF126,BAG6
2164,UBL4A,BAG6
2165,SLC9A1,VIL1
2166,SLC9A1,TESC
2167,SLC9A1,hsa-miR-940
2168,ZFP36,EXOSC8
2169,C1orf94,DAZAP2
2170,PRPS2,RBKS
2171,PRPS2,RPIA
2172,PRPS2,NUDT9
2173,PRPS2,PRPSAP1
2174,MAPRE2,MAPRE3
2175,MAPRE2,PHLDA3
2176,MAPRE2,hsa-miR-940
2177,MAPRE3,SLC25A10
2178,MAPRE3,APC2
2179,PHLDA3,SAAL1
2180,PHLDA3,TOMM22
2181,PHLDA3,UNC45A
2182,PHLDA3,NDUFA6
2183,PHLDA3,NUBP2
2184,PHLDA3,EHD4
2185,PHLDA3,ARMC6
2186,PHLDA3,CCDC47
2187,PHLDA3,TRIO
2188,PHLDA3,TUBGCP4
2189,PHLDA3,XPO4
2190,PHLDA3,UFL1
2191,PHLDA3,IMMT
2192,GFI1B,USHBP1
2193,GFI1B,MEGF6
2194,GFI1B,MID2
2195,GFI1B,CENPB
2196,GFI1B,EFEMP1
2197,GFI1B,RINT1
2198,GFI1B,TRIP6
2199,GFI1B,TSPYL2
2200,GFI1B,TXNDC11
2201,GFI1B,CCDC136
2202,GFI1B,HECW1
2203,GFI1B,ZNRF3
2204,GFI1B,RAB11FIP4
2205,GFI1B,NELL1
2206,GFI1B,NELL2
2207,GFI1B,CENPJ
2208,GFI1B,FBLN5
2209,DGCR6L,NECAB2
2210,DGCR6L,ZNF446
2211,CELF1,TOM1L1
2212,CELF1,DMPK
2213,CELF1,FUBP1
2214,CELF1,ELAVL3
2215,CELF1,RBM24
2216,RNMTL1,NUDT1
2217,RNMTL1,TRIP6
2218,MCTP1,WDFY2
2219,UBR4,CCDC19
2220,UBR4,DPY30
2221,PUM2,DAZL
2222,PUM2,DAZ2
2223,PUM2,DAZ1
2224,PUM2,DAZ4
2225,PUM2,DAZ3
2226,WDTC1,hsa-miR-940
2227,USHBP1,DYDC1
2228,USHBP1,C1orf216
2229,USHBP1,USH1C
2230,USHBP1,RIBC2
2231,USHBP1,GPSM1
2232,USHBP1,TUBGCP4
2233,USHBP1,FATE1
2234,USHBP1,FBF1
2235,MEGF6,CRIM1
2236,CRIM1,ENSG00000172974
2237,PAX1,MEOX2
2238,MEOX2,VIP
2239,MEOX2,SAMM50
2240,MEOX2,TULP2
2241,MEOX2,ENSG00000212660
2242,MEOX2,hsa-miR-1254
2243,VIP,PRICKLE1
2244,SAMM50,MTX1
2245,SAMM50,DNAJC11
2246,SAMM50,MTX2
2247,SAMM50,IMMT
2248,SAMM50,CHCHD6
2249,METTL13,TOMM22
2250,METTL13,hsa-miR-940
2251,METTL13,hsa-miR-1254
2252,GYG1,MTUS2
2253,MFN2,MFN1
2254,MFN1,TMBIM4
2255,MFNG,NOTCH2
2256,MFNG,DLK1
2257,MID2,DYDC1
2258,DYDC1,DPY30
2259,MKS1,hsa-miR-940
2260,ABCD3,hsa-miR-940
2261,ABCD3,ABCD1
2262,NPPC,NPR3
2263,NARFL,NUBP2
2264,DPPA2,SDCBP2
2265,DPPA2,DVL2
2266,DPPA2,SETD5
2267,FOXP3,RIBC2
2268,FOXP3,RC3H1
2269,ARHGEF15,C11orf49
2270,MPC1,RTFDC1
2271,RTFDC1,ENSG00000203624
2272,RTFDC1,SEC24C
2273,RTFDC1,SLC9B2
2274,TRIM41,ZNF263
2275,TRIM41,ZBTB8B
2276,MT-ND1,NDUFA6
2277,MT-ND1,NDUFB6
2278,MT-ND1,NDUFS5
2279,MT-ND1,NDUFS7
2280,ALDH1L1,AMT
2281,ALDH1L1,FTCD
2282,ALDH1L1,MTHFD2
2283,ALDH1L1,RBM18
2284,MTCP1,hsa-miR-1254
2285,MTFMT,AMT
2286,MTFMT,FTCD
2287,MTFMT,MTHFD2
2288,MTFMT,hsa-miR-940
2289,AMT,FTCD
2290,AMT,MTHFR
2291,AMT,MTHFD2
2292,FTCD,MTHFS
2293,AFMID,MTHFD2
2294,AFMID,hsa-miR-940
2295,MTHFR,MTHFD2
2296,MTHFS,MTHFD2
2297,MTHFS,TSC22D4
2298,MTUS2,C1orf216
2299,MTUS2,RIBC2
2300,MTX1,DNAJC11
2301,MTX1,MTX2
2302,MTX1,TMBIM4
2303,MTX1,SGTA
2304,MTX1,IMMT
2305,MTX1,DYNC1LI2
2306,MTX1,CHCHD6
2307,DNAJC11,MTX2
2308,DNAJC11,GSTK1
2309,DNAJC11,IMMT
2310,DNAJC11,CHCHD6
2311,MTX2,IMMT
2312,MTX2,CHCHD6
2313,TMBIM4,NDUFB6
2314,TMBIM4,CCDC47
2315,TMBIM4,PRPSAP1
2316,TMBIM4,TMCO1
2317,TMBIM4,SLC27A4
2318,TMBIM4,EIF3L
2319,EME1,NHLRC2
2320,ARHGEF40,TAC1
2321,UNC45A,GSTK1
2322,MYBPC3,TNNI3K
2323,MYO15A,NDUFC2
2324,MYO15A,ENSG00000172974
2325,MYO15A,hsa-miR-940
2326,ENSG00000172974,EIF3L
2327,USH1C,QKI
2328,USH1C,CDH23
2329,FLNC,MYOT
2330,FLNC,NPHP1
2331,FLNC,hsa-miR-940
2332,TCAP,MSTN
2333,N4BP1,hsa-miR-940
2334,SERF2,QKI
2335,ERMP1,hsa-miR-940
2336,HSD17B11,GSTK1
2337,PRPS1,RBKS
2338,PRPS1,RPIA
2339,PRPS1,NUDT9
2340,PRPS1,PRPSAP1
2341,PRPS1,SPG21
2342,CCDC158,GPSM1
2343,NBL1,BAG6
2344,ATRIP,RIBC2
2345,BAG6,NDUFA6
2346,BAG6,NOMO1
2347,BAG6,CDK16
2348,BAG6,PTPN12
2349,BAG6,GLRA2
2350,BAG6,PTH
2351,BAG6,UBL7
2352,BAG6,SGTA
2353,BAG6,FAM46A
2354,BAG6,IMMT
2355,BAG6,ENSG00000129951
2356,BAG6,TAC1
2357,BAG6,DPT
2358,BAG6,CTSE
2359,BAG6,6-Mar
2360,BAG6,REG1B
2361,NCDN,GSTK1
2362,TRIM9,hsa-miR-940
2363,NCKIPSD,DMRTB1
2364,NDC1,RIBC2
2365,NDC1,CCDC19
2366,RIBC2,RAD54B
2367,RIBC2,ENSG00000197065
2368,RIBC2,TMEM66
2369,RIBC2,TREX1
2370,RIBC2,TRIM23
2371,TOM1L1,NOMO1
2372,TOM1L1,PDPN
2373,TOM1L1,CCDC47
2374,GPC5,WNT4
2375,GPC5,GPC4
2376,GPC5,SLC35B2
2377,NDUFA6,NDUFB6
2378,NDUFA6,NDUFS5
2379,NDUFA6,NDUFS7
2380,NDUFB6,NDUFS5
2381,NDUFB6,NDUFS7
2382,NDUFS5,NDUFS7
2383,NECAB2,RCOR3
2384,NECAB2,CENPO
2385,NECAB2,GTPBP10
2386,NECAB2,WDYHV1
2387,RCOR3,hsa-miR-940
2388,WDYHV1,PCBD1
2389,WDYHV1,RPIA
2390,FLCN,hsa-miR-940
2391,KLHL18,hsa-miR-940
2392,KLHL18,hsa-miR-1254
2393,SCN3B,hsa-miR-940
2394,SDCBP2,BEND7
2395,SDCBP2,C1orf35
2396,SDCBP2,TIFA
2397,NHEJ1,XRCC4
2398,XRCC4,APTX
2399,XRCC4,CAAP1
2400,XRCC4,IFFO1
2401,PCBD1,DVL2
2402,PRTFDC1,DTNB
2403,PRTFDC1,FAM86A
2404,ARHGAP39,DTNB
2405,BEND7,PPP1R37
2406,SPERT,TUBGCP4
2407,NIPSNAP3A,IMMT
2408,NKD1,DVL2
2409,NKD1,DVL1
2410,DVL2,NKD2
2411,DVL2,ZNF263
2412,DVL2,NOTCH2
2413,DVL2,THAP1
2414,DVL2,POLI
2415,DVL2,ENKD1
2416,DVL2,DAAM1
2417,DVL2,APC2
2418,DVL2,TIFA
2419,DVL2,ZBTB8B
2420,DVL2,ARHGEF39
2421,DVL2,BAHD1
2422,DVL2,CXXC4
2423,DVL2,FRAT2
2424,DVL2,FRAT1
2425,NKD2,DVL1
2426,ZNF263,SPG21
2427,ZNF263,SCAND1
2428,ZNF263,ZNF446
2429,SYN3,hsa-miR-940
2430,SYN3,hsa-miR-1254
2431,NOTCH2,DTX3L
2432,NOTCH2,DTX3
2433,NOTCH2,DTX1
2434,NOTCH2,NUMBL
2435,NOTCH2,RBPJL
2436,NOTCH2,DVL1
2437,NOTCH2,hsa-miR-940
2438,DTX3L,DTX1
2439,DTX3,DTX1
2440,RBPJL,hsa-miR-1254
2441,DVL1,VANGL2
2442,DVL1,DAAM1
2443,DVL1,APC2
2444,DVL1,HECW1
2445,DVL1,CXXC4
2446,DVL1,FRAT2
2447,DVL1,FRAT1
2448,NPDC1,ENSG00000212660
2449,FABP3,TNNI3K
2450,NPHP1,TNS1
2451,NPPA,NPR3
2452,NPR3,NPPB
2453,NPR3,hsa-miR-1254
2454,PTMS,hsa-miR-940
2455,MOB3B,hsa-miR-940
2456,NT5DC3,ZNF706
2457,NT5DC3,EIF3L
2458,NUDT10,PIM2
2459,EHD4,GSTK1
2460,TUB,TBC1D5
2461,TUB,hsa-miR-940
2462,SSR1,SSR3
2463,SSR1,SSR2
2464,SSR1,hsa-miR-940
2465,THAP1,QKI
2466,THAP1,PHF1
2467,THAP1,C1orf35
2468,THAP1,STRBP
2469,GSTK1,CCDC47
2470,GSTK1,XPO4
2471,GSTK1,SSR3
2472,GSTK1,RAB3GAP2
2473,GSTK1,RAB3GAP1
2474,GSTK1,TMCO1
2475,GSTK1,UFL1
2476,GSTK1,IMMT
2477,GSTK1,HEATR3
2478,GSTK1,VEPH1
2479,GSTK1,RPRD1A
2480,GSTK1,FAR1
2481,SAP18,ARMC6
2482,SAP18,UFL1
2483,GPSM1,ZBED1
2484,GPSM1,DAZAP2
2485,OTOF,hsa-miR-940
2486,DCTN5,DCTN6
2487,OTX1,CHIC2
2488,OTX1,ENSG00000212660
2489,SIX1,EYA3
2490,SIX1,SOBP
2491,SIX1,EYA2
2492,SIX1,EYA4
2493,POP4,PIM2
2494,POP4,POP5
2495,POP4,POP1
2496,POP4,RPP25
2497,POP4,RPP38
2498,TNNI3,PKD2L1
2499,TNNI3,TNNT1
2500,TNNI3,TNNT2
2501,TNNI3,TNNI3K
2502,APTX,SYT17
2503,APTX,TSPYL2
2504,UPF3A,UPF3B
2505,UPF3A,IFITM2
2506,CENPB,PARP2
2507,PARVA,TESK1
2508,WNT4,PORCN
2509,WNT4,SFRP1
2510,WNT4,SFRP2
2511,WNT4,SFRP4
2512,WNT4,SFRP5
2513,WNT4,WIF1
2514,WNT4,CER1
2515,WNT4,GPC4
2516,WNT4,SLC35B2
2517,WNT4,hsa-miR-1254
2518,CELF3,ELAVL3
2519,CELF3,SOBP
2520,CELF3,hsa-miR-940
2521,PCBP4,QKI
2522,PCBP4,RNF138
2523,POLI,DAZAP2
2524,EFEMP1,SGTA
2525,PDLIM4,TRIP6
2526,ENKD1,TSC22D4
2527,PDPN,hsa-miR-940
2528,RBKS,RPIA
2529,CCDC47,SGTA
2530,TRIO,hsa-miR-940
2531,TUBGCP4,FBF1
2532,EYA3,QKI
2533,EYA3,RBFOX2
2534,EYA3,RC3H1
2535,EYA3,SIX5
2536,EYA3,SIX4
2537,PIM2,CUTC
2538,PIM2,ENSG00000112664
2539,PIM2,hsa-miR-940
2540,CUTC,SPG21
2541,ENSG00000112664,SOX30
2542,ENSG00000112664,ASB13
2543,ZMIZ2,SALL2
2544,ZMIZ2,hsa-miR-940
2545,PKD2L1,TNNI1
2546,TNNI1,TNNT1
2547,BCHE,TRIM23
2548,EXD3,DAZAP2
2549,ENSG00000214358,DAZAP2
2550,SPOCK2,hsa-miR-940
2551,TNNT1,ZMYND19
2552,TNNT1,TNNI2
2553,POP5,POP1
2554,POP5,RPP25
2555,POP1,RPP25
2556,POP1,RPP38
2557,POP1,RPP40
2558,PORCN,WNT10A
2559,PORCN,WNT2
2560,PORCN,WNT10B
2561,PORCN,WNT7A
2562,PORCN,WNT2B
2563,PORCN,WNT9B
2564,PORCN,WNT9A
2565,PORCN,WNT5A
2566,PORCN,WNT6
2567,PORCN,WNT5B
2568,PORCN,WNT7B
2569,PORCN,WNT3
2570,PORCN,WNT3A
2571,PORCN,WNT11
2572,PORCN,WNT8A
2573,PORCN,WNT8B
2574,WNT10A,SFRP1
2575,WNT10A,SFRP2
2576,WNT10A,SFRP4
2577,WNT10A,SFRP5
2578,WNT10A,WIF1
2579,WNT10A,CER1
2580,WNT2,SFRP1
2581,WNT2,SFRP2
2582,WNT2,WNT3A
2583,WNT2,SFRP4
2584,WNT2,SFRP5
2585,WNT2,WIF1
2586,WNT2,CER1
2587,WNT10B,SFRP1
2588,WNT10B,SFRP2
2589,WNT10B,SFRP4
2590,WNT10B,SFRP5
2591,WNT10B,WIF1
2592,WNT10B,CER1
2593,WNT7A,SFRP1
2594,WNT7A,SFRP2
2595,WNT7A,SFRP4
2596,WNT7A,SFRP5
2597,WNT7A,WIF1
2598,WNT7A,CER1
2599,WNT2B,SFRP1
2600,WNT2B,SFRP2
2601,WNT2B,SFRP4
2602,WNT2B,SFRP5
2603,WNT2B,WIF1
2604,WNT2B,CER1
2605,WNT9B,SFRP1
2606,WNT9B,SFRP2
2607,WNT9B,SFRP4
2608,WNT9B,SFRP5
2609,WNT9B,WIF1
2610,WNT9B,CER1
2611,WNT9A,SFRP1
2612,WNT9A,SFRP2
2613,WNT9A,SFRP4
2614,WNT9A,SFRP5
2615,WNT9A,WIF1
2616,WNT9A,CER1
2617,POU4F1,hsa-miR-940
2618,PTPRN,hsa-miR-940
2619,PPP1R37,ZMYND19
2620,PPP1R15B,hsa-miR-940
2621,SESN2,hsa-miR-1254
2622,PRICKLE1,VANGL2
2623,SLC25A10,ENSG00000212660
2624,CDK16,SEC24D
2625,CDK16,hsa-miR-940
2626,PTPN12,EFS
2627,PTPN12,hsa-miR-940
2628,GKAP1,HBP1
2629,DMRTB1,RBFOX2
2630,DMRTB1,EYA2
2631,PRND,hsa-miR-940
2632,PRND,hsa-miR-1254
2633,DENND6B,SLC9B2
2634,STIM2,STIM1
2635,PRR5L,hsa-miR-1254
2636,SSR3,SSR2
2637,PSENEN,APH1A
2638,RAD54B,ENSG00000204325
2639,RAD54B,ENSG00000188126
2640,RAD54B,TRAPPC6A
2641,RAD54B,ZNF580
2642,ENSG00000197065,ENSG00000204325
2643,ENSG00000197065,TRAPPC6A
2644,ELOVL1,hsa-miR-940
2645,UBLCP1,TSC22D4
2646,RBMXL1,FAM103A1
2647,FUBP1,IMMT
2648,QKI,PTBP2
2649,QKI,DAZ2
2650,QKI,DAZ1
2651,QKI,DAZ4
2652,QKI,ELAVL3
2653,QKI,ABHD2
2654,QKI,RBM24
2655,QKI,RBFOX2
2656,QKI,RNF138
2657,QKI,hsa-miR-940
2658,QKI,EYA4
2659,QKI,DAZ3
2660,APOBEC3F,hsa-miR-940
2661,PTPN9,hsa-miR-940
2662,DAZL,DAZ2
2663,DAZL,DAZ1
2664,DAZL,DAZ4
2665,DAZL,DAZAP2
2666,DAZL,DAZ3
2667,PVRL2,hsa-miR-940
2668,DAZ2,DZIP1
2669,DAZ2,BOLL
2670,DAZ1,DAZAP2
2671,DAZ1,DZIP1
2672,DAZ1,BOLL
2673,DAZ1,DAZ3
2674,DAZ4,DZIP1
2675,DAZ4,BOLL
2676,ABHD2,hsa-miR-1254
2677,RBFOX2,DAZAP2
2678,RBFOX2,hsa-miR-940
2679,RBFOX2,EYA4
2680,SRA1,UBE2Z
2681,RABL6,C19orf57
2682,C19orf57,TRIM23
2683,RBM18,hsa-miR-940
2684,RAI1,TESC
2685,TESC,HMG20A
2686,SGTA,SPPL2A
2687,SGTA,MSTN
2688,SGTA,ENSG00000215672
2689,SGTA,C1QTNF1
2690,ENSG00000203624,ENSG00000168593
2691,RC3H1,EYA4
2692,RDH5,RGR
2693,RDH5,RLBP1
2694,ZBED1,SPEF1
2695,TRIM22,CIC
2696,ZNF608,hsa-miR-940
2697,DAAM1,DYNC1LI2
2698,RHPN1,hsa-miR-940
2699,TMEM66,SNX15
2700,RINT1,STX18
2701,RINT1,ZWILCH
2702,HBS1L,hsa-miR-1254
2703,RNF183,FATE1
2704,RNF183,IFFO1
2705,DAZAP2,BATF2
2706,DAZAP2,DAZ3
2707,GPATCH8,hsa-miR-940
2708,GPATCH8,hsa-miR-1254
2709,ENSG00000168593,CXorf56
2710,WNT5A,SFRP1
2711,WNT5A,SFRP2
2712,WNT5A,SFRP4
2713,WNT5A,SFRP5
2714,WNT5A,WIF1
2715,WNT5A,CER1
2716,POP7,RPP25
2717,POP7,RPP38
2718,POP7,RPP40
2719,WSB2,hsa-miR-940
2720,RPP38,ENSG00000206415
2721,RPP38,ENSG00000204596
2722,RPP38,RPP40
2723,RPP38,ENSG00000137321
2724,ENSG00000206415,RPP40
2725,ENSG00000204596,RPP40
2726,RPP40,ENSG00000137321
2727,ANAPC11,WDFY2
2728,ANAPC11,APC2
2729,ANAPC11,CDC26
2730,TOB2,hsa-miR-940
2731,WDFY2,ARL6IP5
2732,ELF4,hsa-miR-940
2733,SRI,ANXA11
2734,TSC22D4,SYT17
2735,TSC22D4,ZNF580
2736,TSC22D4,ENSG00000184902
2737,TSC22D4,ZMYND10
2738,SAMD4B,hsa-miR-940
2739,SCAND1,ZKSCAN7
2740,SCAND1,ZNF202
2741,SCAND1,ZSCAN20
2742,SCAND1,ZSCAN32
2743,ZKSCAN7,ZSCAN32
2744,ZSCAN32,ZNF446
2745,SEC23B,SEC24D
2746,SEC23B,SEC24C
2747,SEC24D,CDK18
2748,SEC24C,KRTCAP2
2749,SERPINI2,HBP1
2750,SFRP1,WNT6
2751,SFRP1,WNT5B
2752,SFRP1,WNT7B
2753,SFRP1,WNT3
2754,SFRP1,WNT3A
2755,SFRP1,WNT11
2756,SFRP1,WNT8A
2757,SFRP1,WNT8B
2758,SFRP1,hsa-miR-940
2759,WNT6,SFRP2
2760,WNT6,SFRP4
2761,WNT6,SFRP5
2762,WNT6,WIF1
2763,WNT6,CER1
2764,WNT5B,SFRP2
2765,WNT5B,SFRP4
2766,WNT5B,SFRP5
2767,WNT5B,WIF1
2768,WNT5B,CER1
2769,SFRP2,WNT7B
2770,SFRP2,WNT3
2771,SFRP2,WNT3A
2772,SFRP2,WNT11
2773,SFRP2,WNT8A
2774,SFRP2,WNT8B
2775,WNT7B,SFRP4
2776,WNT7B,SFRP5
2777,WNT7B,WIF1
2778,WNT7B,CER1
2779,WNT7B,GPC3
2780,WNT3,SFRP4
2781,WNT3,SFRP5
2782,WNT3,WIF1
2783,WNT3,CER1
2784,WNT3A,SFRP4
2785,WNT3A,SFRP5
2786,WNT3A,WIF1
2787,WNT3A,CER1
2788,WNT3A,GPC3
2789,WNT3A,hsa-miR-940
2790,SFRP4,WNT11
2791,SFRP4,WNT8A
2792,SFRP4,WNT8B
2793,SFRP5,WNT11
2794,SFRP5,WNT8A
2795,SFRP5,WNT8B
2796,ENSG00000215672,HBP1
2797,SH2D3C,EFS
2798,EFS,TRAPPC6A
2799,GAS1,DLK1
2800,SIRPG,hsa-miR-940
2801,SIRPB1,hsa-miR-940
2802,SLC1A1,ARL6IP5
2803,SLC25A19,WDR47
2804,SLC25A19,ELMOD2
2805,SLC25A38,ZSCAN16
2806,ZSCAN16,ZNF446
2807,SLC30A4,hsa-miR-940
2808,TRPV5,CALB1
2809,EXPH5,hsa-miR-940
2810,SMCP,ENSG00000212660
2811,SNPH,hsa-miR-940
2812,SNPH,hsa-miR-1254
2813,SNX15,hsa-miR-940
2814,SNX27,UFL1
2815,SPINT1,FAM46A
2816,IMMT,STMN4
2817,IMMT,CHCHD6
2818,IMMT,ARMCX3
2819,IMMT,HJURP
2820,SSR2,hsa-miR-940
2821,ZBTB5,hsa-miR-940
2822,ST8SIA2,ENSG00000206359
2823,ST8SIA2,hsa-miR-940
2824,IL27RA,EBI3
2825,IL27RA,IL27
2826,STIM1,hsa-miR-940
2827,STMN4,hsa-miR-1254
2828,ERN1,ZCCHC8
2829,APC2,hsa-miR-940
2830,APC2,CDC26
2831,DCAF10,hsa-miR-940
2832,TPM4,TRIP6
2833,HMG20A,DTNB
2834,HMG20A,hsa-miR-940
2835,HMG20A,HPCAL1
2836,TMEM241,hsa-miR-940
2837,TNS1,hsa-miR-940
2838,TOR1AIP2,hsa-miR-940
2839,ENSG00000185509,TRIP6
2840,11-Sep,hsa-miR-940
2841,FAM124B,TRIP6
2842,TRIP6,AFAP1L1
2843,TRIP6,CMBL
2844,AFAP1L1,hsa-miR-940
2845,CALB1,TRPV6
2846,TTC28,ZNF862
2847,TTC28,hsa-miR-1254
2848,TXNDC11,CYB561D2
2849,TXNRD2,hsa-miR-940
2850,CHIC2,ENSG00000212660
2851,MPV17,hsa-miR-940
2852,CDSN,ENSG00000206460
2853,CDSN,ENSG00000137197
2854,CCDC136,hsa-miR-940
2855,ENSG00000206460,ENSG00000137197
2856,WIF1,WNT11
2857,WIF1,WNT8A
2858,WIF1,WNT8B
2859,CER1,WNT11
2860,CER1,WNT8A
2861,CER1,WNT8B
2862,SPR,hsa-miR-940
2863,ZBTB21,hsa-miR-940
2864,ZBTB8B,ZBTB48
2865,ZBTB8B,ZNF276
2866,ZBTB48,C7orf34
2867,ZDHHC3,hsa-miR-940
2868,ZNF277,ACOT2
2869,ZNF439,ENSG00000212660
2870,ENSG00000212660,ZNF638
2871,ENSG00000212660,ZNF764
2872,ENSG00000212660,COL8A1
2873,ENSG00000212660,BAHD1
2874,ENSG00000212660,CCDC116
2875,ENSG00000212660,CLDN2
2876,ENSG00000212660,FAM27E4
2877,ZNF706,FEM1B
2878,FEM1B,CHAC1
2879,AFF3,hsa-miR-1254
2880,FAT3,hsa-miR-1254
2881,8-Mar,hsa-miR-940
2882,VASH1,hsa-miR-940
2883,C2orf72,hsa-miR-940
2884,FAM178A,hsa-miR-1254
2885,DZIP1,DAZ3
2886,ZNF605,hsa-miR-940
2887,hsa-miR-940,ZBTB47
2888,hsa-miR-940,ZNF609
2889,hsa-miR-940,ATP1B2
2890,hsa-miR-940,DEPTOR
2891,hsa-miR-940,TMEM167A
2892,hsa-miR-940,ZNRF3
2893,hsa-miR-940,ARHGAP31
2894,hsa-miR-940,SLC30A7
2895,hsa-miR-940,KIAA1522
2896,hsa-miR-940,ABLIM2
2897,hsa-miR-940,NHLRC2
2898,hsa-miR-940,TTC9
2899,hsa-miR-940,C20orf112
2900,hsa-miR-940,VAMP2
2901,hsa-miR-940,IRGQ
2902,hsa-miR-940,RAB11FIP4
2903,hsa-miR-940,TRIM66
2904,hsa-miR-940,CARNS1
2905,hsa-miR-940,CAMKV
2906,hsa-miR-940,TSPAN18
2907,hsa-miR-940,PHF19
2908,hsa-miR-940,ZSWIM6
2909,hsa-miR-940,CHST11
2910,hsa-miR-940,RBPMS2
2911,hsa-miR-940,DNAJC30
2912,hsa-miR-940,ABR
2913,hsa-miR-940,TLL1
2914,hsa-miR-940,ANGEL1
2915,hsa-miR-940,PLEKHH1
2916,hsa-miR-940,NRBP2
2917,hsa-miR-940,HHLA3
2918,hsa-miR-940,IL34
2919,hsa-miR-940,DYNC1LI2
2920,hsa-miR-940,ZNF850
2921,hsa-miR-940,FAM131B
2922,hsa-miR-940,EMP2
2923,hsa-miR-940,FXYD2
2924,hsa-miR-940,SYS1
2925,hsa-miR-940,PRR3
2926,hsa-miR-940,ZNF490
2927,hsa-miR-940,SIX4
2928,hsa-miR-940,CCDC14
2929,hsa-miR-940,DUOXA1
2930,hsa-miR-940,CHAC1
2931,hsa-miR-940,AKR7A2
2932,hsa-miR-940,ZNF398
2933,hsa-miR-940,EPM2A
2934,hsa-miR-940,LZTS3
2935,hsa-miR-940,IQSEC3
2936,hsa-miR-940,SLCO2A1
2937,hsa-miR-940,TRIM67
2938,hsa-miR-940,CD101
2939,hsa-miR-940,KIAA0247
2940,hsa-miR-940,FAM96A
2941,hsa-miR-940,FAM83H
2942,hsa-miR-940,CPN2
2943,hsa-miR-940,ADIPOQ
2944,hsa-miR-940,CPLX2
2945,ARHGAP31,hsa-miR-1254
2946,TTC9,hsa-miR-1254
2947,VAMP2,hsa-miR-1254
2948,RAB11FIP4,CCDC19
2949,TRIM66,hsa-miR-1254
2950,TSPAN18,hsa-miR-1254
2951,PHF19,hsa-miR-1254
2952,CHST11,hsa-miR-1254
2953,RBPMS2,hsa-miR-1254
2954,TLL1,hsa-miR-1254
2955,ANGEL1,hsa-miR-1254
2956,EMP2,hsa-miR-1254
2957,PRR3,hsa-miR-1254
2958,SIX4,EYA2
2959,ZNF398,hsa-miR-1254
2960,TRIM67,hsa-miR-1254
2961,hsa-miR-1254,AKIRIN1
2962,hsa-miR-1254,ZNF488
2963,hsa-miR-1254,N4BP2L1
2964,hsa-miR-1254,MYRF
2965,hsa-miR-1254,NOX4
2966,hsa-miR-1254,PTPN20B
2967,hsa-miR-1254,EYA4
2968,hsa-miR-1254,SLC6A8
2969,hsa-miR-1254,MOB3C
2970,hsa-miR-1254,HEATR5B
2971,hsa-miR-1254,DPH3
2972,hsa-miR-1254,CCDC64
2973,HECA,UNK
2974,CIC,CENPJ
2975,BOLL,DAZ3
2976,EBI3,IL27
2977,ENSG00000198767,IKZF5